JarID,ProtocolVersion,SampleRemainingInLiquid,F1FilterID,F1DateProcessed,F1PersonProcessed,F1FilterWt1g,F1FilterWt2g,F1FilterWt3g,F1FilterAndLarvaeWt1g,F1FilterAndLarvaeWt2g,F1FilterAndLarvaeWt3g,F1LarvaeCount,F1LarvaeCountPerson,F1StitchedPhoto,F1Notes,F1Crystals,F2FilterID,F2DateProcessed,F2PersonProcessed,F2FilterWt1g,F2FilterWt2g,F2FilterWt3g,F2FilterAndLarvaeWt1g,F2FilterAndLarvaeWt2g,F2FilterAndLarvaeWt3g,F2LarvaeCount,F2LarvaeCountPerson,F2StitchedImage,F2Notes,F1FilterWtAvg,F1FilterAndLarvaeWtAvg,F1TotalLarvaeWtg,F1WtPerLarvae,F2FilterWtAvg,F2FilterAndLarvaeWtAvg,F2TotalLarvaeWtg,F2WtPerLarvae
J003_B1,,FALSE,J003_B1_post_F1,20190107,Elise_Ffion,0.0431,NA,NA,0.0434,NA,NA,7,Max,J003_B1_F1_Pano,do not use; count checked by EM,F,J003_B1_F2,20190729,Elise,0.0464,0.0465,0.0466,0.0467,0.0466,0.0468,,,,,0.0431,0.0434,0.0003,4.28571E-05,0.0465,0.0467,0.0002,NA
J004_B1,,FALSE,J004_B1_post_F1,20190107,Elise_Ffion,0.0428,NA,NA,0.0427,NA,NA,303,Max,J004_B1_F1_Pano,,F,J004_B1_F2,20190729,Elise,0.043,0.043,0.0429,0.043,0.0431,0.0432,,,,,0.0428,0.0427,-0.0001,-3.30033E-07,0.042966667,NA,NA,NA
J005_B1,1,FALSE,J005_B1_post_F1,20190107,Elise_Ffion,0.0458,NA,NA,0.046,NA,NA,37,Max,J005_B1_F1_Pano,,F,J005_B1_F2,20190729,Elise,0.045,0.045,0.0451,0.0452,0.0453,0.0453,,,,,0.0458,0.046,0.0002,5.40541E-06,0.045033333,0.045266667,0.000233333,NA
J006_B1,1,FALSE,J006_B1_post_F1,20190107,Elise_Ffion,0.0429,NA,NA,0.0432,NA,NA,231,Max,J006_B1_F1_Pano,used post-microscope weight,F,J006_B1_F2,20190729,Elise,0.0441,0.044,0.0442,0.0444,0.0443,0.0445,,,,,0.0429,0.0432,0.0003,1.2987E-06,0.0441,0.0444,0.0003,NA
J007_B1,1,FALSE,J007_B1_post_F1,20190107,Elise_Ffion,0.0422,NA,NA,0.0423,NA,NA,320,Max,J007_B1_F1_Pano,,F,J007_B1_F2,20190729,Elise,0.0448,0.0448,0.0448,0.045,0.0451,0.0452,,,,,0.0422,0.0423,0.0001,3.125E-07,0.0448,NA,NA,NA
J008_B1,,FALSE,J008_B1_post_F1,20190104,Elise,0.0441,NA,NA,0.0447,NA,NA,44,Elise,J008_B1_F1_Pano,Max count: 53,F,J008_B1_F2,20190729,Elise,0.0445,0.0446,0.0446,0.0448,0.0448,0.0448,,,,,0.0441,0.0447,0.0006,1.36364E-05,0.044566667,NA,NA,NA
J009_B1,1,FALSE,J009_B1_post_F1,20190107,Elise_Ffion,0.0431,NA,NA,0.0431,NA,NA,2,Max,J009_B1_F1_Pano,was used to test Whatman filters; used post-microscope weight,F,NA,NA,NA,NA,NA,NA,NA,NA,NA,NA,NA,,,0.0431,0.0431,0,0,NA,NA,NA,NA
J010_B1,1,FALSE,J010_B1_post_F1,20190107,Elise_Ffion,0.0448,NA,NA,0.0449,NA,NA,801,Max,J010_B1_F1_Pano,Gaby count: 785,F,J010_B1_F2,,,,,,,,,,,,,0.0448,0.0449,0.0001,1.24844E-07,NA,NA,NA,NA
J011_B1,1,FALSE,J011_B1_post_F1,20190109,Ffion_Camila,0.0451,0.045,0.045,0.0457,0.0457,0.0457,553,Max,J011_B1_F1_Pano,,F,NA,NA,NA,NA,NA,NA,NA,NA,NA,NA,NA,,,0.045033333,0.0457,0.0007,1.20555E-06,NA,NA,NA,NA
J012_B1,,FALSE,J012_B1_F2,20190729,Elise,0.0439,0.044,0.0438,0.0444,0.0443,0.0444,116,Elise,J012_B1_F1_Pano,crystals,T,,,,,,,,,,,,,,NA,NA,NA,NA,NA,NA,NA,NA
J013_B1,,FALSE,J013_B1_F2,20190729,Elise,0.0459,0.046,0.0461,0.0463,0.0463,0.0465,485,Elise,J013_B1_F1_Pano,,F,,,,,,,,,,,,,,NA,NA,NA,NA,NA,NA,NA,NA
J014_B1,,FALSE,J014_B1_F1,20190729,Elise,0.0447,0.0449,0.0449,0.045,0.0452,0.0453,169,Elise,J014_B1_F1_Pano,,F,,,,,,,,,,,,,,0.044833333,0.0452,0.0003,1.97239E-06,NA,NA,NA,NA
J015_B1,,FALSE,J015_B1_F1,20190729,Elise,0.0431,0.0431,0.0433,0.0434,0.0435,0.0436,302,Elise,J015_B1_F1_Pano,crystals,T,,,,,,,,,,,,,,0.043166667,0.0435,0.0003,1.10375E-06,NA,NA,NA,NA
J016_B1,,FALSE,J016_B1_F1,20190729,Elise,0.045,0.0451,0.0451,0.0452,0.0453,0.0455,292,Elise,J016_B1_F1_Pano,crystals,T,,,,,,,,,,,,,,0.045066667,0.0453,0.0003,9.13242E-07,NA,NA,NA,NA
J017_B1,,FALSE,J017_B1_F1,20190729,Elise,0.0453,0.0453,0.0452,0.0457,0.0458,0.0458,167,Elise,J017_B1_F1_Pano,crystals,T,,,,,,,,,,,,,,0.045266667,0.0458,0.0005,2.99401E-06,NA,NA,NA,NA
J018_B1,,FALSE,J018_B1_F1,20190729,Elise,0.0419,0.042,0.042,0.0426,0.0426,0.0426,223,Elise,J018_B1_F1_Pano,crystals,T,,,,,,,,,,,,,,0.041966667,0.0426,0.0006,2.84006E-06,NA,NA,NA,NA
J019_B1,,FALSE,J019_B1_F1,20190729,Elise,0.046,0.046,0.0462,0.0464,0.0464,0.0464,,,,crystals,T,,,,,,,,,,,,,,0.046066667,0.0464,0.0003,NA,NA,NA,NA,NA
J020_B1,,FALSE,J020_B1_F1,20190729,Elise,0.0455,0.0455,0.0455,0.0456,0.0457,0.0457,,,,crystals,T,,,,,,,,,,,,,,0.0455,0.0457,0.0002,NA,NA,NA,NA,NA
J021_B1,,FALSE,J021_B1_F1,20190729,Elise,0.0449,0.045,0.0449,0.0452,0.0453,0.0452,,,,crystals,T,,,,,,,,,,,,,,0.044933333,0.0452,0.0003,NA,NA,NA,NA,NA
J022_B1,,FALSE,J022_B1_F1,20190729,Elise,0.0444,0.0445,0.0446,0.0445,0.0446,0.0446,,,,,F,,,,,,,,,,,,,,0.0445,0.0446,0.0001,NA,NA,NA,NA,NA
J023_B1,,FALSE,J023_B1_F1,20190729,Elise,0.0435,0.0435,0.0435,0.0434,0.0435,0.0436,,,,small crystals,T,,,,,,,,,,,,,,0.0435,0.0435,0,NA,NA,NA,NA,NA
J024_B1,,FALSE,J024_B1_F1,20190729,Elise,0.043,0.0431,0.0432,0.043,0.0431,0.0431,,,,small crystals,T,,,,,,,,,,,,,,0.0431,0.0431,0,NA,NA,NA,NA,NA
J026_B1,,FALSE,J026_B1_F1,20190730,Elise,0.0427,0.0427,0.0428,0.043,0.0432,0.0432,,,,,F,,,,,,,,,,,,,,0.042733333,0.0431,0.0004,NA,NA,NA,NA,NA
J027_B1,,FALSE,J027_B1_F1,20190729,Elise,0.0441,0.0442,0.0442,0.0443,0.0444,0.0443,,,,fell off filtering apparatus,F,,,,,,,,,,,,,,0.044166667,0.0443,0.0002,NA,NA,NA,NA,NA
J028_B1,,FALSE,J028_B1_F1,20190729,Elise,0.0444,0.0444,0.0444,0.0446,0.0447,0.0447,,,,,F,,,,,,,,,,,,,,0.0444,0.0447,0.0003,NA,NA,NA,NA,NA
J029_B1,,FALSE,J029_B1_F1,20190729,Elise,0.0434,0.0435,0.0435,0.0435,0.0437,0.0437,,,,,F,,,,,,,,,,,,,,0.043466667,0.0436,0.0002,NA,NA,NA,NA,NA
J030_B1,,FALSE,J030_B1_F1,20190729,Elise,0.0446,0.0447,0.0446,0.045,0.045,0.0451,,,,crystals,T,,,,,,,,,,,,,,0.044633333,0.045,0.0004,NA,NA,NA,NA,NA
J032_B1,,FALSE,J032_B1_F1,20190729,Elise,0.0437,0.0437,0.0437,0.044,0.0441,0.044,,,,,F,,,,,,,,,,,,,,0.0437,0.044,0.0003,NA,NA,NA,NA,NA
J033_B1,,FALSE,J033_B1_F1,20190729,Elise,0.0418,0.0419,0.0419,0.0423,0.0424,0.0424,,,,,F,,,,,,,,,,,,,,0.041866667,0.0424,0.0005,NA,NA,NA,NA,NA
J034_B1,,FALSE,J034_B1_F1,20190729,Elise,0.0417,0.0418,0.0418,0.0425,0.0425,0.0425,,,,crystals,T,,,,,,,,,,,,,,0.041766667,0.0425,0.0007,NA,NA,NA,NA,NA
J035_B1,,FALSE,J035_B1_F1,20190729,Elise,0.0429,0.043,0.043,0.0435,0.0435,0.0435,,,,,F,,,,,,,,,,,,,,0.042966667,0.0435,0.0005,NA,NA,NA,NA,NA
J036_B1,,FALSE,J036_B1_F1,20190729,Elise,0.0432,0.0432,0.0434,0.0441,0.0441,0.044,,,,crystals,T,,,,,,,,,,,,,,0.043266667,0.0441,0.0008,NA,NA,NA,NA,NA
J037_B1,,FALSE,J037_B1_F1,20190729,Elise,0.0449,0.0449,0.045,0.0453,0.0454,0.0455,,,,crystals,T,,,,,,,,,,,,,,0.044933333,0.0454,0.0005,NA,NA,NA,NA,NA
J038_B1,,FALSE,J038_B1_F1,20190730,Elise,0.0444,0.0446,0.0446,0.0448,0.0448,0.045,157,Elise,J038_B1_F1_Pano,small crystals,T,,,,,,,,,,,,,,0.044533333,0.0449,0.0003,2.12314E-06,NA,NA,NA,NA
J039_B1,,FALSE,J039_B1_F1,20190730,Elise,0.0433,0.0434,0.0434,0.0437,0.0439,0.0439,172,Elise,J039_B1_F1_Pano,small crystals,T,,,,,,,,,,,,,,0.043366667,0.0438,0.0005,2.71318E-06,NA,NA,NA,NA
J040_B1,,FALSE,J040_B1_F1,20190730,Elise,0.046,0.0461,0.0461,0.0466,0.0467,0.0466,100,Elise,J040_B1_F1_Pano,,F,,,,,,,,,,,,,,0.046066667,0.0466,0.0006,5.66667E-06,NA,NA,NA,NA
J041_B1,,FALSE,J041_B1_F1,20190730,Elise,0.0447,0.0448,0.0449,0.0453,0.0454,0.0453,58,Elise,J041_B1_F1_Pano,,F,,,,,,,,,,,,,,0.0448,0.0453,0.0005,9.1954E-06,NA,NA,NA,NA
J042_B1,,FALSE,J042_B1_F1,20190730,Elise,0.0435,0.0435,0.0434,0.0439,0.0439,0.0439,185,Elise,J042_B1_F1_Pano,,F,,,,,,,,,,,,,,0.043466667,0.0439,0.0004,2.34234E-06,NA,NA,NA,NA
J043_B1,,FALSE,J043_B1_F1,20190730,Elise,0.0439,0.044,0.0441,0.044,0.0444,0.0443,307,Elise,J043_B1_F1_Pano,small crystals; tapped off,T,,,,,,,,,,,,,,0.044,0.0442,0.0002,7.60043E-07,NA,NA,NA,NA
J044_B1,,FALSE,J044_B1_F1,20190730,Elise,0.0426,0.0427,0.0427,0.0428,0.0428,0.043,108,Elise,J044_B1_F1_Pano,crystals,T,,,,,,,,,,,,,,0.042666667,0.0429,0.0002,1.85185E-06,NA,NA,NA,NA
J045_B1,,FALSE,J045_B1_F1,20190730,Elise,0.0445,0.0447,0.0447,0.0452,0.0454,0.0454,179,Elise,J045_B1_F1_Pano,crystals,T,,,,,,,,,,,,,,0.044633333,0.0453,0.0007,3.91061E-06,NA,NA,NA,NA
J046_B1,,FALSE,J046_B1_F1,20190730,Elise,0.0449,0.0449,0.045,0.0454,0.0455,0.0454,69,Elise,J046_B1_F1_Pano,small crystals,T,,,,,,,,,,,,,,0.044933333,0.0454,0.0005,7.24638E-06,NA,NA,NA,NA
J049_B1,,FALSE,J049_B1_F1,20190730,Elise,0.0437,0.0435,0.0436,0.0437,0.0438,0.0439,153,Elise,J049_B1_F1_Pano,small crystals,T,,,,,,,,,,,,,,0.0436,0.0438,0.0002,1.30719E-06,NA,NA,NA,NA
J050_B1,,FALSE,J050_B1_F1,20190730,Elise,0.0454,0.0455,0.0456,0.0457,0.0458,0.0459,337,Elise,J050_B1_F1_Pano,,F,,,,,,,,,,,,,,0.0455,0.0458,0.0003,8.90208E-07,NA,NA,NA,NA
J051_B1,,FALSE,J051_B1_F1,20190730,Elise,0.0444,0.0445,0.0445,0.0446,0.0447,0.0447,365,Elise,J051_B1_F1_Pano,,F,,,,,,,,,,,,,,0.044466667,0.0447,0.0002,5.47945E-07,NA,NA,NA,NA
J052_B1,,FALSE,J052_B1_F1,20190730,Elise,0.0457,0.0458,0.0457,0.0459,0.046,0.0461,116,Elise,J052_B1_F1_Pano,,F,,,,,,,,,,,,,,0.045733333,0.046,0.0003,2.29885E-06,NA,NA,NA,NA
J053_B1,,FALSE,J053_B1_F1,20190730,Elise,0.0452,0.0452,0.0453,0.0456,0.0457,0.0456,422,Elise,J053_B1_F1_Pano,crystals,T,,,,,,,,,,,,,,0.045233333,0.0456,0.0004,9.47867E-07,NA,NA,NA,NA
J054_B1,,FALSE,J054_B1_F1,20190730,Elise,0.0458,0.0458,0.0459,0.0464,0.0464,0.0464,404,Elise,J054_B1_F1_Pano,,F,,,,,,,,,,,,,,0.045833333,0.0464,0.0006,1.40264E-06,NA,NA,NA,NA
J055_B1,,FALSE,J055_B1_F1,20190812,Elise,0.045,0.0451,0.0452,0.0457,0.0457,0.0458,239,Elise,J055_B1_F1_Pano,crystals,T,,,,,,,,,,,,,,0.0451,0.0457,0.0006,2.64993E-06,NA,NA,NA,NA
J056_B1,,FALSE,J056_B1_F1,20190812,Elise,0.0435,0.0433,0.0435,0.0439,0.0439,0.044,783,Elise,J056_B1_F1_Pano,,F,,,,,,,,,,,,,,0.043433333,0.0439,0.0005,6.3857E-07,NA,NA,NA,NA
J057_B1,,FALSE,J057_B1_F1,20190812,Elise,0.0434,0.0435,0.0436,0.0439,0.044,0.0441,111,Elise,J057_B1_F1_Pano,crystals,T,,,,,,,,,,,,,,0.0435,0.044,0.0005,4.5045E-06,NA,NA,NA,NA
J058_B1,,FALSE,J058_B1_F1,20190812,Elise,0.0415,0.0416,0.0417,0.0419,0.0419,0.042,336,Elise,J058_B1_F1_Pano,crystals,T,,,,,,,,,,,,,,0.0416,0.0419,0.0003,9.92063E-07,NA,NA,NA,NA
J059_B1,,FALSE,J059_B1_F1,20190812,Elise,0.0427,0.0427,0.0427,0.0431,0.0431,0.0432,84,Elise,J059_B1_F1_Pano,crystals,T,,,,,,,,,,,,,,0.0427,0.0431,0.0004,5.15873E-06,NA,NA,NA,NA
J060_B1,2,FALSE,J060_B1_F1,20190810,Elise,0.0428,0.0429,0.043,0.0433,0.0433,0.0433,104,Elise,J060_B1_F1_Pano,small crystals; photos taken on 20190812,T,NA,NA,NA,NA,NA,NA,NA,NA,NA,NA,NA,,,0.0429,0.0433,0.0004,3.84615E-06,NA,NA,NA,NA
J061_B1,2,FALSE,J061_B1_F1,20190812,Elise,0.0437,0.0437,0.0438,0.044,0.0441,0.0441,563,Elise,J061_B1_F1_Pano,small crystals,T,NA,NA,NA,NA,NA,NA,NA,NA,NA,NA,NA,,,0.043733333,0.0441,0.0003,5.92066E-07,NA,NA,NA,NA
J062_B1,,FALSE,J062_B1_F1,20190812,Elise,0.0445,0.0446,0.0447,0.0452,0.0452,0.0453,228,Elise,J062_B1_F1_Pano,small crystals,T,,,,,,,,,,,,,,0.0446,0.0452,0.0006,2.77778E-06,NA,NA,NA,NA
J063_B1,,FALSE,J063_B1_F1,20190812,Elise,0.0467,0.0467,0.0469,0.0471,0.0472,0.0472,386,Elise,J063_B1_F1_Pano,,F,,,,,,,,,,,,,,0.046766667,0.0472,0.0004,1.03627E-06,NA,NA,NA,NA
J064_B1,,FALSE,J064_B1_F1,20190812,Elise,0.0442,0.0442,0.0443,0.0447,0.0447,0.0446,169,Elise,J064_B1_F1_Pano,,F,,,,,,,,,,,,,,0.044233333,0.0447,0.0004,2.5641E-06,NA,NA,NA,NA
J065_B1,,FALSE,J065_B1_F1,20190812,Elise,0.0434,0.0436,0.0435,0.0442,0.0442,0.0441,162,Elise,J065_B1_F1_Pano,crystals,T,,,,,,,,,,,,,,0.0435,0.0442,0.0007,4.11523E-06,NA,NA,NA,NA
J066_B1,,FALSE,J066_B1_F1,20190812,Elise,0.0459,0.046,0.046,0.0464,0.0464,0.0465,170,Elise,J066_B1_F1_Pano,crystals,T,,,,,,,,,,,,,,0.045966667,0.0464,0.0005,2.7451E-06,NA,NA,NA,NA
J067_B1,,FALSE,J067_B1_F1,20190812,Elise,0.0444,0.0442,0.0444,0.0451,0.0451,0.0451,464,Elise,J067_B1_F1_Pano,crystals,T,,,,,,,,,,,,,,0.044333333,0.0451,0.0008,1.6523E-06,NA,NA,NA,NA
J068_B1,,FALSE,J068_B1_F1,20190812,Elise,0.0417,0.0417,0.0417,0.0423,0.0423,0.0425,107,Elise,J068_B1_F1_Pano,crystals,T,,,,,,,,,,,,,,0.0417,0.0424,0.0007,6.23053E-06,NA,NA,NA,NA
J069_B1,,FALSE,J069_B1_F1,20190812,Elise,0.0438,0.0438,0.0438,0.0445,0.0444,0.0446,566,Elise,J069_B1_F1_Pano,,F,,,,,,,,,,,,,,0.0438,0.0445,0.0007,1.23675E-06,NA,NA,NA,NA
J070_B1,,FALSE,J070_B1_F1,20190812,Elise,0.0431,0.0431,0.043,0.0433,0.0434,0.0434,185,Elise,J070_B1_F1_Pano,crystals,T,,,,,,,,,,,,,,0.043066667,0.0434,0.0003,1.62162E-06,NA,NA,NA,NA
J071_B1,,FALSE,J071_B1_F1,20190812,Elise,0.0456,0.0456,0.0456,0.0461,0.0459,0.0461,41,Elise,J071_B1_F1_Pano,small crystals,T,,,,,,,,,,,,,,0.0456,0.046,0.0004,1.05691E-05,NA,NA,NA,NA
J072_B1,,FALSE,J072_B1_F1,20190812,Elise,0.0424,0.0425,0.0426,0.0431,0.0432,0.0432,66,Elise,J072_B1_F1_Pano,crystals,T,,,,,,,,,,,,,,0.0425,0.0432,0.0007,1.0101E-05,NA,NA,NA,NA
J073_B1,,FALSE,J073_B1_F1,20190812,Elise,0.0454,0.0454,0.0455,0.0461,0.0462,0.0462,541,Elise,J073_B1_F1_Pano,crystals,T,,,,,,,,,,,,,,0.045433333,0.0462,0.0007,1.35551E-06,NA,NA,NA,NA
J074_B1,,FALSE,J074_B1_F1,20190812,Elise,0.0425,0.0425,0.0425,0.0428,0.0429,0.043,1502,Elise,J074_B1_F1_Pano,crystals,T,,,,,,,,,,,,,,0.0425,0.0429,0.0004,2.66312E-07,NA,NA,NA,NA
J076_B1,,FALSE,J076_B1_F1,20190812,Elise,0.042,0.0421,0.0422,0.0427,0.0426,0.0425,240,Elise,J076_B1_F1_Pano,crystals,T,,,,,,,,,,,,,,0.0421,0.0426,0.0005,2.08333E-06,NA,NA,NA,NA
J077_B1,,FALSE,J077_B1_F1,20190812,Elise,0.0418,0.0419,0.042,0.0424,0.0425,0.0425,124,Elise,J077_B1_F1_Pano,,F,,,,,,,,,,,,,,0.0419,0.0425,0.0006,4.56989E-06,NA,NA,NA,NA
J078_B1,,FALSE,J078_B1_F1,20190730,Elise,0.0446,0.0447,0.0448,0.0454,0.0454,0.0453,,,,larvae extremely light colored; take new photo,F,,,,,,,,,,,,,,0.0447,0.0454,0.0007,NA,NA,NA,NA,NA
J079_B1,2,FALSE,J079_B1_F1,20190708,Elise,0.0412,0.0413,0.0413,0.0416,0.0416,0.0416,218,Elise,J079_B1_F1_Pano,,F,NA,NA,NA,NA,NA,NA,NA,NA,NA,NA,NA,,,0.041266667,0.0416,0.0003,1.52905E-06,NA,NA,NA,NA
J080_B1,2,FALSE,J080_B1_F1,20190708,Elise,0.0439,0.0441,0.044,0.0446,0.0445,0.0446,547,Elise,J080_B1_F1_Pano,,F,NA,NA,NA,NA,NA,NA,NA,NA,NA,NA,NA,,,0.044,0.0446,0.0006,1.03595E-06,NA,NA,NA,NA
J081_B1,2,FALSE,J081_B1_F1,20190708,Elise,0.0442,0.0441,0.0443,0.0445,0.0446,0.0447,308,Elise,J081_B1_F1_Pano,some crystals,T,NA,NA,NA,NA,NA,NA,NA,NA,NA,NA,NA,,,0.0442,0.0446,0.0004,1.2987E-06,NA,NA,NA,NA
J082_B1,2,FALSE,J082_B1_F1,20190708,Elise,0.0434,0.0434,0.0436,0.0436,0.0436,0.0437,157,Elise,J082_B1_F1_Pano,,F,NA,NA,NA,NA,NA,NA,NA,NA,NA,NA,NA,,,0.043466667,0.0436,0.0002,1.06157E-06,NA,NA,NA,NA
J083_B1,2,FALSE,J083_B1_F1,20190708,Elise,0.042,0.0422,0.0422,0.0423,0.0423,0.0434,265,Elise,J083_B1_F1_Pano,crystals,T,NA,NA,NA,NA,NA,NA,NA,NA,NA,NA,NA,,,0.042133333,0.0427,0.0005,2.01258E-06,NA,NA,NA,NA
J084_B1,,FALSE,J084_B1_F1,20190730,Elise,0.0457,0.0458,0.0459,0.0465,0.0464,0.0465,637,Elise,J084_B1_F1_Pano,crystals,T,,,,,,,,,,,,,,0.0458,0.0465,0.0007,1.04657E-06,NA,NA,NA,NA
J085_B1,,FALSE,J085_B1_F1,20190730,Elise,0.0426,0.0427,0.0425,0.0432,0.0432,0.0433,119,Elise,J085_B1_F1_Pano,crystals,T,,,,,,,,,,,,,,0.0426,0.0432,0.0006,5.32213E-06,NA,NA,NA,NA
J086_B1,,FALSE,J086_B1_F1,20190730,Elise,0.0439,0.044,0.0441,0.0449,0.0448,0.045,254,Elise,J086_B1_F1_Pano,crystals,T,,,,,,,,,,,,,,0.044,0.0449,0.0009,3.54331E-06,NA,NA,NA,NA
J087_B1,,FALSE,J087_B1_F1,20190730,Elise,0.0415,0.0414,0.0415,0.0418,0.0419,0.042,145,Elise,J087_B1_F1_Pano,,F,,,,,,,,,,,,,,0.041466667,0.0419,0.0004,2.98851E-06,NA,NA,NA,NA
J088_B1,,FALSE,J088_B1_F1,20190729,Elise,0.0437,0.0435,0.0437,0.0444,0.0445,0.0446,158,Elise,J088_B1_F1_Pano,,F,,,,,,,,,,,,,,0.043633333,0.0445,0.0009,5.48523E-06,NA,NA,NA,NA
J089_B1,,FALSE,J089_B1_F1,20190729,Elise,0.0436,0.0436,0.0437,0.0444,0.0445,0.0445,345,Elise,J089_B1_F1_Pano,"crystals, but very few",T,,,,,,,,,,,,,,0.043633333,0.0445,0.0008,2.41546E-06,NA,NA,NA,NA
J090_B1,,FALSE,J090_B1_F1,20190729,Elise,0.0436,0.0438,0.0438,0.0447,0.0447,0.0447,262,Elise,J090_B1_F1_Pano,,F,,,,,,,,,,,,,,0.043733333,0.0447,0.001,3.68957E-06,NA,NA,NA,NA
J091_B1,,FALSE,J091_B1_F1,20190729,Elise,0.0441,0.0441,0.0443,0.0446,0.0446,0.0447,342,Elise,J091_B1_F1_Pano,,F,,,,,,,,,,,,,,0.044166667,0.0446,0.0005,1.36452E-06,NA,NA,NA,NA
J092_B1,,FALSE,J092_B1_F1,20190729,Elise,0.042,0.0423,0.0421,0.0423,0.0424,0.0425,523,Elise,J092_B1_F1_Pano,,F,,,,,,,,,,,,,,0.042133333,0.0424,0.0003,5.09879E-07,NA,NA,NA,NA
J093_B1,,FALSE,J093_B1_F1,20190729,Elise,0.0436,0.0437,0.0437,0.044,0.044,0.0442,503,Elise,J093_B1_F1_Pano,washer touched top after photos,F,,,,,,,,,,,,,,0.043666667,0.0441,0.0004,7.95229E-07,NA,NA,NA,NA
J094_B1,,FALSE,J094_B1_F1,20190729,Elise,0.0443,0.0444,0.0443,0.0446,0.0445,0.0447,434,Elise,J094_B1_F1_Pano,crystals,T,,,,,,,,,,,,,,0.044333333,0.0446,0.0003,6.14439E-07,NA,NA,NA,NA
J095_B1,,FALSE,J095_B1_F1,20190729,Elise,0.0446,0.0446,0.0445,0.0451,0.0451,0.0451,545,Elise,J095_B1_F1_Pano,,F,,,,,,,,,,,,,,0.044566667,0.0451,0.0005,9.78593E-07,NA,NA,NA,NA
J096_B1,,FALSE,J096_B1_F1,20190729,Elise,0.0442,0.0441,0.0441,0.0449,0.045,0.0451,,,,crystals,T,,,,,,,,,,,,,,0.044133333,0.045,0.0009,NA,NA,NA,NA,NA
J097_B1,,FALSE,J097_B1_F1,20190729,Elise,0.0431,0.043,0.0432,0.0435,0.0436,0.0436,215,Elise,J097_B1_F1_Pano,,F,,,,,,,,,,,,,,0.0431,0.0436,0.0005,2.17054E-06,NA,NA,NA,NA
J098_B1,,FALSE,J098_B1_F1,20190729,Elise,0.0418,0.042,0.042,0.0424,0.0426,0.0426,368,Elise,J098_B1_F1_Pano,crystals,T,,,,,,,,,,,,,,0.041933333,0.0425,0.0006,1.63043E-06,NA,NA,NA,NA
J099_B1,,FALSE,J099_B1_F1,20190812,Elise,0.0467,0.0469,0.0469,0.0474,0.0475,0.0475,662,Elise,J099_B1_F1_Pano,,F,,,,,,,,,,,,,,0.046833333,0.0475,0.0006,9.56697E-07,NA,NA,NA,NA
J100_B1,,FALSE,J100_B1_F1,20190729,Elise,0.0452,0.0453,0.0452,0.0456,0.0457,0.0458,232,Elise,J100_B1_F1_Pano,,F,,,,,,,,,,,,,,0.045233333,0.0457,0.0005,2.01149E-06,NA,NA,NA,NA
J101_B1,,FALSE,J101_B1_F1,20190729,Elise,0.0472,0.0473,0.0474,0.0479,0.0479,0.048,43,Elise,J101_B1_F1_Pano,,F,,,,,,,,,,,,,,0.0473,0.0479,0.0006,1.47287E-05,NA,NA,NA,NA
J102_B1,,FALSE,J102_B1_F1,20190729,Elise,0.0446,0.0446,0.0446,0.0451,0.0453,0.0453,88,Elise,J102_B1_F1_Pano,,F,,,,,,,,,,,,,,0.0446,0.0452,0.0006,7.19697E-06,NA,NA,NA,NA
J104_B1,,FALSE,J104_B1_F1,20190729,Elise,0.0444,0.0445,0.0446,0.0455,0.0454,0.0453,256,Elise,J104_B1_F1_Pano,,F,,,,,,,,,,,,,,0.0445,0.0454,0.0009,3.51563E-06,NA,NA,NA,NA
J105_B1,2,FALSE,J105_B1_F1,20190305,Elise,0.0422,0.0422,0.0422,0.0431,0.0431,0.043,300,Elise,J105_B1_F1_Pano,,F,NA,NA,NA,NA,NA,NA,NA,NA,NA,NA,NA,,,0.0422,0.0431,0.0009,2.88889E-06,NA,NA,NA,NA
J106_B1,2,FALSE,J106_B1_F1,20190305,Elise,0.0428,0.0427,0.0429,0.0434,0.0435,0.0434,214,Elise,J106_B1_F1_Pano,,F,NA,NA,NA,NA,NA,NA,NA,NA,NA,NA,NA,,,0.0428,0.0434,0.0006,2.9595E-06,NA,NA,NA,NA
J107_B1,2,FALSE,J107_B1_F1,20190305,Elise,0.0426,0.0426,0.0427,0.0435,0.0433,0.0434,141,Elise,J107_B1_F1_Pano,,F,NA,NA,NA,NA,NA,NA,NA,NA,NA,NA,NA,,,0.042633333,0.0434,0.0008,5.43735E-06,NA,NA,NA,NA
J108_B1,2,FALSE,J108_B1_F1,20190305,Elise,0.0442,0.0441,0.0441,0.045,0.045,0.0449,255,Elise,J108_B1_F1_Pano,,F,NA,NA,NA,NA,NA,NA,NA,NA,NA,NA,NA,,,0.044133333,0.045,0.0008,3.26797E-06,NA,NA,NA,NA
J109_B1,2,FALSE,J109_B1_F1,20190305,Elise,0.0432,0.0431,0.0433,0.0441,0.044,0.044,101,Elise,J109_B1_F1_Pano,,F,NA,NA,NA,NA,NA,NA,NA,NA,NA,NA,NA,,,0.0432,0.044,0.0008,8.25083E-06,NA,NA,NA,NA
J110_B1,2,FALSE,J110_B1_F1,20190305,Elise,0.0426,0.0426,0.0426,0.0433,0.0434,0.0435,81,Elise,J110_B1_F1_Pano,,F,NA,NA,NA,NA,NA,NA,NA,NA,NA,NA,NA,,,0.0426,0.0434,0.0008,9.87654E-06,NA,NA,NA,NA
J111_B1,2,FALSE,J111_B1_F1,20190305,Elise,0.0444,0.0443,0.0442,0.0451,0.0451,0.0449,323,Elise,J111_B1_F1_Pano,,F,NA,NA,NA,NA,NA,NA,NA,NA,NA,NA,NA,,,0.0443,0.045,0.0007,2.27038E-06,NA,NA,NA,NA
J112_B1,2,FALSE,J112_B1_F1,20190305,Elise,0.0425,0.0425,0.0425,0.0434,0.0432,0.0434,386,Elise,J112_B1_F1_Pano,,F,NA,NA,NA,NA,NA,NA,NA,NA,NA,NA,NA,,,0.0425,0.0433,0.0008,2.15889E-06,NA,NA,NA,NA
J113_B1,2,FALSE,J113_B1_F1,20190305,Elise,0.0425,0.0425,0.0426,0.0432,0.0432,0.0432,400,Elise,J113_B1_F1_Pano,,F,NA,NA,NA,NA,NA,NA,NA,NA,NA,NA,NA,,,0.042533333,0.0432,0.0007,1.66667E-06,NA,NA,NA,NA
J114_B1,2,FALSE,J114_B1_F1,20190305,Elise,0.0399,0.0399,0.0398,0.0407,0.0407,0.04707,765,Elise,J114_B1_F1_Pano,,F,NA,NA,NA,NA,NA,NA,NA,NA,NA,NA,NA,,,0.039866667,0.0428,0.003,3.86492E-06,NA,NA,NA,NA
J115_B1,2,FALSE,J115_B1_F1,20190305,Elise,0.0449,0.0449,0.045,0.0459,0.0458,0.0458,923,Elise,J115_B1_F1_Pano,,F,NA,NA,NA,NA,NA,NA,NA,NA,NA,NA,NA,,,0.044933333,0.0458,0.0009,9.75081E-07,NA,NA,NA,NA
J116_B1,2,FALSE,J116_B1_F1,20190305,Elise,0.0423,0.0423,0.0424,0.0434,0.0433,0.0434,254,Elise,J116_B1_F1_Pano,,F,NA,NA,NA,NA,NA,NA,NA,NA,NA,NA,NA,,,0.042333333,0.0434,0.001,4.06824E-06,NA,NA,NA,NA
J117_B1,2,FALSE,J117_B1_F1,20190305,Elise,0.0449,0.0447,0.0448,0.0456,0.0456,0.0456,497,Elise,J117_B1_F1_Pano,,F,NA,NA,NA,NA,NA,NA,NA,NA,NA,NA,NA,,,0.0448,0.0456,0.0008,1.60966E-06,NA,NA,NA,NA
J118_B1,2,FALSE,J118_B1_F1,20190305,Elise,0.0432,0.0433,0.0433,0.0439,0.0439,0.0439,241,Elise,J118_B1_F1_Pano,,F,NA,NA,NA,NA,NA,NA,NA,NA,NA,NA,NA,,,0.043266667,0.0439,0.0006,2.62794E-06,NA,NA,NA,NA
J119_B1,2,FALSE,J119_B1_F1,20190305,Elise,0.043,0.0432,0.0431,0.0437,0.0438,0.0439,232,Elise,J119_B1_F1_Pano,,F,NA,NA,NA,NA,NA,NA,NA,NA,NA,NA,NA,,,0.0431,0.0438,0.0007,3.01724E-06,NA,NA,NA,NA
J120_B1,2,FALSE,J120_B1_F1,20190313,Elise,0.0431,0.0431,0.0432,0.0437,0.0436,0.0436,,,,"used replacement camera for first photo (J120_B1_F1_Pano), take another one to count",F,NA,NA,NA,NA,NA,NA,NA,NA,NA,NA,NA,,,0.043133333,0.0436,0.0005,NA,NA,NA,NA,NA
J121_B1,1,FALSE,J121_B1_F1,20190531,Elise,0.0442,0.0442,0.0442,0.0449,0.0449,0.045,531,Elise,J121_B1_F1_Pano,,F,NA,NA,NA,NA,NA,NA,NA,NA,NA,NA,NA,,,0.0442,0.0449,0.0007,1.38104E-06,NA,NA,NA,NA
J122_B1,1,FALSE,J122_B1_F1,20190531,Elise,0.043,0.0431,0.0431,0.0438,0.0438,0.0437,157,Elise,J122_B1_F1_Pano,,F,NA,NA,NA,NA,NA,NA,NA,NA,NA,NA,NA,,,0.043066667,0.0438,0.0007,4.4586E-06,NA,NA,NA,NA
J123_B1,1,FALSE,J123_B1_F1,20190531,Elise,0.0419,0.0419,0.0419,0.043,0.0432,0.0431,503,Elise,J123_B1_F1_Pano,crystals on filter,T,NA,NA,NA,NA,NA,NA,NA,NA,NA,NA,NA,,,0.0419,0.0431,0.0012,2.38569E-06,NA,NA,NA,NA
J124_B1,1,FALSE,J124_B1_F1,20190531,Elise,0.0455,0.0455,0.0456,0.0466,0.0467,0.0468,,,,crystals on filter,T,NA,NA,NA,NA,NA,NA,NA,NA,NA,NA,NA,,,0.045533333,0.0467,0.0012,NA,NA,NA,NA,NA
J125_B1,1,FALSE,J125_B1_F1,20190531,Elise,0.0438,0.0439,0.0439,0.046,0.0461,0.0461,291,Elise,J125_B1_F1_Pano,crystals on filter,T,NA,NA,NA,NA,NA,NA,NA,NA,NA,NA,NA,,,0.043866667,0.0461,0.0022,7.56014E-06,NA,NA,NA,NA
J126_B1,1,FALSE,J126_B1_F1,20190531,Elise,0.0458,0.046,0.0459,0.0464,0.0465,0.0465,147,Elise,J126_B1_F1_Pano,crystals on filter,T,NA,NA,NA,NA,NA,NA,NA,NA,NA,NA,NA,,,0.0459,0.0465,0.0006,3.85488E-06,NA,NA,NA,NA
J127_B1,1,FALSE,J127_B1_F1,20190531,Elise,0.0433,0.0434,0.0435,0.0444,0.0444,0.0444,132,Elise,J127_B1_F1_Pano,crystals on filter,T,NA,NA,NA,NA,NA,NA,NA,NA,NA,NA,NA,,,0.0434,0.0444,0.001,7.57576E-06,NA,NA,NA,NA
J128_B1,1,FALSE,J128_B1_F1,20190531,Elise,0.0438,0.044,0.044,0.0458,0.0459,0.046,187,Elise,J128_B1_F1_Pano,crystals on filter,T,NA,NA,NA,NA,NA,NA,NA,NA,NA,NA,NA,,,0.043933333,0.0459,0.002,1.05169E-05,NA,NA,NA,NA
J129_B1,1,FALSE,J129_B1_F1,20190531,Elise,0.0441,0.0441,0.0441,0.0442,0.0443,0.0443,581,Elise,J129_B1_F1_Pano,crystals on filter,T,NA,NA,NA,NA,NA,NA,NA,NA,NA,NA,NA,,,0.0441,0.0443,0.0002,2.86862E-07,NA,NA,NA,NA
J130_B1,1,FALSE,J130_B1_F1,20190531,Elise,0.0452,0.0451,0.0451,0.0464,0.0462,0.0464,542,Elise,J130_B1_F1_Pano,crystals on filter,T,NA,NA,NA,NA,NA,NA,NA,NA,NA,NA,NA,,,0.045133333,0.0463,0.0012,2.21402E-06,NA,NA,NA,NA
J131_B1,1,FALSE,J131_B1_F1,20190605,Elise,0.0437,0.0437,0.0436,0.0441,0.0441,0.0442,175,Elise,J131_B1_F1_Pano,crystals on filter,T,NA,NA,NA,NA,NA,NA,NA,NA,NA,NA,NA,,,0.043666667,0.0441,0.0005,2.66667E-06,NA,NA,NA,NA
J132_B1,1,FALSE,J132_B1_F1,20190605,Elise,0.0442,0.0443,0.0443,0.0453,0.0452,0.0453,103,Elise,J132_B1_F1_Pano,crystals on filter,T,NA,NA,NA,NA,NA,NA,NA,NA,NA,NA,NA,,,0.044266667,0.0453,0.001,9.70874E-06,NA,NA,NA,NA
J133_B1,1,FALSE,J133_B1_F1,20190605,Elise,0.046,0.046,0.0461,0.0463,0.0463,0.0463,104,Elise,J133_B1_F1_Pano,,F,NA,NA,NA,NA,NA,NA,NA,NA,NA,NA,NA,,,0.046033333,0.0463,0.0003,2.5641E-06,NA,NA,NA,NA
J134_B1,1,FALSE,J134_B1_F1,20190605,Elise,0.0441,0.0442,0.0442,0.0454,0.0456,0.0455,41,Elise,J134_B1_F1_Pano,crystals on filter,T,NA,NA,NA,NA,NA,NA,NA,NA,NA,NA,NA,,,0.044166667,0.0455,0.0013,3.25203E-05,NA,NA,NA,NA
J135_B1,1,FALSE,J135_B1_F1,20190624,Elise,0.0469,0.047,0.0471,0.0487,0.0487,0.0487,99,Elise,J135_B1_F1_Pano,crystals on filter,T,NA,NA,NA,NA,NA,NA,NA,NA,NA,NA,NA,,,0.047,0.0487,0.0017,1.71717E-05,NA,NA,NA,NA
J136_B1,1,FALSE,J136_B1_F1,20190624,Elise,0.0445,0.0447,0.0447,0.0447,0.0448,0.0449,22,Elise,J136_B1_F1_Pano,,F,NA,NA,NA,NA,NA,NA,NA,NA,NA,NA,NA,,,0.044633333,0.0448,0.0002,7.57576E-06,NA,NA,NA,NA
J136_B1_x2,1,FALSE,J136_B1_x2_F1,20190624,Elise,0.0453,0.0453,0.0454,0.0458,0.0458,0.0459,41,Elise,J136_B1_x2_F1_Pano,,F,NA,NA,NA,NA,NA,NA,NA,NA,NA,NA,NA,,,0.045333333,0.0458,0.0005,1.21951E-05,NA,NA,NA,NA
J137_B1,1,FALSE,J137_B1_F1,20190624,Elise,0.0463,0.0463,0.0464,0.0473,0.0474,0.0474,95,Elise,J137_B1_F1_Pano,crystals on filter,T,NA,NA,NA,NA,NA,NA,NA,NA,NA,NA,NA,,,0.046333333,0.0474,0.001,1.08772E-05,NA,NA,NA,NA
J138_B1,1,FALSE,J138_B1_F1,20190624,Elise,0.0436,0.0436,0.0438,0.0446,0.0445,0.0444,122,Elise,J138_B1_F1_Pano,crystals; knocked it on accident during 10 min larvae wait,T,NA,NA,NA,NA,NA,NA,NA,NA,NA,NA,NA,,,0.043666667,0.0445,0.0008,6.8306E-06,NA,NA,NA,NA
J139_B1,1,FALSE,J139_B1_F1,20190624,Elise,0.0437,0.0438,0.0439,0.0459,0.0461,0.0461,140,Elise,J139_B1_F1_Pano,crystals on filter,T,NA,NA,NA,NA,NA,NA,NA,NA,NA,NA,NA,,,0.0438,0.046,0.0022,1.59524E-05,NA,NA,NA,NA
J140_B1,1,FALSE,J140_B1_F1,20190624,Elise,0.0449,0.0449,0.0449,0.0465,0.0465,0.0466,,,J140_B1_F1_Pano,crystals on filter,T,NA,NA,NA,NA,NA,NA,NA,NA,NA,NA,NA,,,0.0449,0.0465,0.0016,NA,NA,NA,NA,NA
J141_B1,1,FALSE,J141_B1_F1,20190531,Elise,0.046,0.0461,0.0461,0.052,0.052,0.0522,,,J141_B1_F1_Pano,crystals on filter,T,NA,NA,NA,NA,NA,NA,NA,NA,NA,NA,NA,,,0.046066667,0.0521,0.006,NA,NA,NA,NA,NA
J142_B1,1,FALSE,J142_B1_F1,20190531,Elise,0.045,0.045,0.0451,0.0458,0.0457,0.0458,,,J142_B1_F1_Pano,,F,NA,NA,NA,NA,NA,NA,NA,NA,NA,NA,NA,,,0.045033333,0.0458,0.0007,NA,NA,NA,NA,NA
J143_B1,1,FALSE,J143_B1_F1,20190531,Elise,0.043,0.0431,0.0431,0.0449,0.0447,0.0449,,,J143_B1_F1_Pano,crystals on filter,T,NA,NA,NA,NA,NA,NA,NA,NA,NA,NA,NA,,,0.043066667,0.0448,0.0018,NA,NA,NA,NA,NA
J144_B1,1,FALSE,J144_B1_F1,20190531,Elise,0.043,0.0429,0.043,0.0448,0.0449,0.0448,,,J144_B1_F1_Pano,crystals on filter,T,NA,NA,NA,NA,NA,NA,NA,NA,NA,NA,NA,,,0.042966667,0.0448,0.0019,NA,NA,NA,NA,NA
J145_B1,1,FALSE,J145_B1_F1,20190531,Elise,0.0452,0.045,0.0451,0.047,0.047,0.047,,,J145_B1_F1_Pano,few larvae; crystals,T,NA,NA,NA,NA,NA,NA,NA,NA,NA,NA,NA,,,0.0451,0.047,0.0019,NA,NA,NA,NA,NA
J146_B1,1_5,FALSE,J146_B1_F1,20190110,Ffion,0.0425,0.0424,0.0425,0.0431,0.0431,0.043,140,Max,J146_B1_F1_Pano,"counted on SWR; original weights with larvae taken without photos they were: 0.0428,0.0429, 0.0429; weights listed are those taken after the photos",F,J146_B1_F2,20190531,Elise,0.0417,0.0418,0.0418,0.042,0.0421,0.0421,321,Elise,J146_B1_F2_Pano,,0.042466667,0.0431,0.0006,4.28571E-06,0.041766667,NA,NA,NA
J147_B1,1_5,FALSE,J147_B1_F1,20190111,Ffion,0.0431,0.0431,0.0431,0.0441,0.0441,0.0442,79,Max,J147_B1_F1_Pano,"counted on SWR;original weights with larvae taken without photos they were: 0.0440, 0.0440, 0.0441; weights listed are those taken after the photos",F,J147_B1_F2,20190624,Elise,0.0432,0.0433,0.0433,0.0434,0.0434,0.0435,300,Elise,J147_B1_F2_Pano,,0.0431,0.0441,0.001,1.30802E-05,0.043266667,NA,NA,NA
J148_B1,1_5,FALSE,J148_B1_F1,20190114,Ffion,0.0436,0.0436,0.0436,0.0445,0.0446,0.0447,83,Max,J148_B1_F1_Pano,"counted on SWR; original weights with larvae taken without photos they were: 0.0445, .0447, .0447; weights listed are those taken after the photos",F,J148_B1_F2,20190624,Elise,0.0438,0.0439,0.044,0.0443,0.0445,0.0445,,,J148_B1_F2_Pano,,0.0436,0.0446,0.001,1.20482E-05,0.0439,NA,NA,NA
J149_B1,1_5,FALSE,J149_B1_F1,20190114,Ffion,0.0408,0.0407,0.0408,0.0417,0.0417,0.0417,360,Max,J149_B1_F1_Pano,"counted on SWR; original weights with larvae taken without photos they were: 0.0417 0.0418, 0.0418; weights listed are those taken after the photos",F,J149_B1_F2,20190624,Elise,0.0453,0.0454,0.0453,0.0456,0.0457,0.0457,,,J149_B1_F2_Pano,,0.040766667,0.0417,0.0009,2.59259E-06,0.045333333,NA,NA,NA
J152_B1,1_5,FALSE,J152_B1_F1,20190115,Ffion,0.0424,0.0424,0.0424,0.0431,0.0431,0.0432,95,Max,J152_B1_F1_Pano,"counted on SWR; original weights with larvae taken without photos they were: 0.0435, 0.0435, 0.0435; weights listed are those taken after the photos",F,J152_B1_F2,20190624,Elise,0.044,0.0442,0.0442,0.0444,0.0446,0.0444,463,Elise,J152_B1_F2_Pano,,0.0424,0.0431,0.0007,7.7193E-06,0.044133333,NA,NA,NA
J153_B1,1_5,FALSE,J153_B1_F1,20190115,Ffion,0.0424,0.0424,0.0424,0.0433,0.0433,0.0433,268,Max,J153_B1_F1_Pano,"counted on SWR; original weights with larvae taken without photos they were: 0.0433, 0.0433, 0.0434; weights listed are those taken after the photos",F,J153_B1_F2,20190624,Elise,0.0435,0.0435,0.0436,0.0438,0.0439,0.044,249,Elise,J153_B1_F2_Pano,,0.0424,0.0433,0.0009,3.35821E-06,0.043533333,0.0439,0.000366667,1.47256E-06
J154_B1,1_5,FALSE,J154_B1_F1,20190116,Ffion,0.0435,0.0435,0.0435,0.0445,0.0445,0.0446,375,Max,J154_B1_F1_Pano,"counted on SWR; original weights with larvae taken without photos they were: 0.0447, 0.0448, 0.0448; weights listed are those taken after the photos",F,J154_B1_F2,20190624,Elise,0.0441,0.0443,0.0442,0.0445,0.0444,0.0444,,,J154_B1_F2_Pano,,0.0435,0.0445,0.001,2.75556E-06,0.0442,0.044433333,0.000233333,NA
J155_B1,1_5,FALSE,J155_B1_F1,20190116,Ffion,0.0415,0.0415,0.0416,0.0423,0.0422,0.0422,78,Max,J155_B1_F1_Pano,"counted on SWR; original weights with larvae taken without photos they were: 0.0423 0.0424, 0.0424; weights listed are those taken after the photos",F,J155_B1_F2,20190624,Elise,0.0427,0.0427,0.0428,0.043,0.0429,0.0431,,,J155_B1_F2_Pano,,0.041533333,0.0422,0.0007,8.97436E-06,0.042733333,0.043,0.000266667,NA
J156_B1,1_5,FALSE,J156_B1_F1,20190117,Ffion,0.0415,0.0416,0.0416,0.0423,0.0424,0.0424,18,Max,J156_B1_F1_Pano,"counted on SWR; original weights with larvae taken without photos they were: 0.0427, 0.0427, 0.0428; weights listed are those taken after the photos; recounted by EM and confirmed 18 larvae. Omit from calc weights",F,J156_B1_F2,20190624,Elise,0.0411,0.0411,0.041,0.0414,0.0415,0.0415,,,J156_B1_F2_Pano,,0.041566667,0.0424,0.0008,4.44444E-05,0.041066667,0.041466667,0.0004,NA
J157_B1,1_5,FALSE,J157_B1_F1,20190117,Ffion,0.043,0.0429,0.043,0.0442,0.0442,0.0443,408,Max,J157_B1_F1_Pano,"counted on SWR; original weights with larvae taken without photos they were: 0.0440, 0.0440, 0.0441; weights listed are those taken after the photos",F,J157_B1_F2,20190624,Elise,0.0435,0.0435,0.0436,0.0438,0.0439,0.0439,,,J157_B1_F2_Pano,,0.042966667,0.0442,0.0013,3.10458E-06,0.043533333,0.043866667,0.000333333,NA
J158_B1,1_5,FALSE,J158_B1_F1,20190117,Ffion,0.0418,0.0418,0.0418,0.0427,0.0427,0.0427,129,Max,J158_B1_F1_Pano,"counted on SWR;original weights with larvae taken without photos they were: 0.0425, 0.0425, 0.0425; weights listed are those taken after the photos",F,J158_B1_F2,20190624,Elise,0.0421,0.0422,0.0422,0.0425,0.0425,0.0424,,,J158_B1_F2_Pano,,0.0418,0.0427,0.0009,6.97674E-06,0.042166667,NA,NA,NA
J159_B1,1_5,FALSE,J159_B1_F1,20190117,Ffion,0.042,0.0421,0.0421,0.0432,0.0432,0.0432,242,Max,J159_B1_F1_Pano,"counted on SWR; original weights with larvae taken without photos they were: 0.0434,0.0434, 0.0435; weights listed are those taken after the photos",F,J159_B1_F2,20190625,Elise,0.0407,0.0408,0.0408,0.0411,0.0413,0.0411,,,J159_B1_F2_Pano,,0.042066667,0.0432,0.0011,4.6832E-06,0.040766667,NA,NA,NA
J160_B1,1_5,FALSE,J160_B1_F1,20190118,Ffion,0.0448,0.0447,0.0448,0.0451,0.0453,0.0452,141,Max,J160_B1_F1_Pano,"counted on SWR; original weights with larvae taken without photos they were: 0.0454, 0.0455, 0.0455; weights listed are those taken after the photos",F,J160_B1_F2,20190625,Elise,0.0427,0.0428,0.0428,0.0429,0.0429,0.043,,,J160_B1_F2_Pano,,0.044766667,0.0452,0.0004,3.07329E-06,0.042766667,NA,NA,NA
J161_B1,1_5,FALSE,J161_B1_F1,20190118,Ffion,0.0435,0.0435,0.0435,0.0441,0.044,0.0441,333,Max,J161_B1_F1_Pano,"counted on SWR; original weights with larvae taken without photos they were: 0.0444, 0.0444, 0.0444; weights listed are those taken after the photos",F,J161_B1_F2,20190625,Elise,0.0431,0.0429,0.0431,0.0432,0.0433,0.0434,,,J161_B1_F2_Pano,,0.0435,0.0441,0.0006,1.7017E-06,0.043033333,NA,NA,NA
J162_B1,1_5,FALSE,J162_B1_F1,20190118,Ffion,0.0426,0.0426,0.0426,0.0432,0.0431,0.0432,241,Max,J162_B1_F1_Pano,"counted on SWR; original weights with larvae taken without photos they were: 0.0429, 0.0429, 0.0429; weights listed are those taken after the photos",F,J162_B1_F2,20190625,Elise,0.0463,0.0463,0.0463,0.0467,0.0467,0.0468,,,J162_B1_F2_Pano,,0.0426,0.0432,0.0006,2.35131E-06,0.0463,NA,NA,NA
J163_B1,1_5,FALSE,J163_B1_F1,20190118,Ffion,0.0408,0.0408,0.0408,0.0411,0.0411,0.0411,95,Max,J163_B1_F1_Pano,"counted on SWR; original weights with larvae taken without photos they were: 0.0410, 0.0410, 0.0410; weights listed are those taken after the photos",F,J163_B1_F2,20190625,Elise,0.0437,0.0438,0.0437,0.0442,0.0443,0.0443,,,J163_B1_F2_Pano,,0.0408,0.0411,0.0003,3.15789E-06,0.043733333,NA,NA,NA
J164_B1,1_5,FALSE,J164_B1_F1,20190122,Ffion,0.0422,0.0422,0.0422,0.0436,0.0438,0.0436,408,Max,J164_B1_F1_Pano,"counted on SWR; original weights with larvae taken without photos they were: 0.0436, 0.0436, 0.0436; weights listed are those taken after the photos",F,J164_B1_F2,20190625,Elise,0.0412,0.0413,0.0413,0.0415,0.0416,0.0416,,,J164_B1_F2_Pano,,0.0422,0.0437,0.0015,3.59477E-06,0.041266667,NA,NA,NA
J165_B1,1_5,FALSE,J165_B1_F1,20190122,Ffion,0.0436,0.0436,0.0436,0.0412,0.0412,0.0412,0,Max,J165_B1_F1_Pano,"counted on SWR; original weights with larvae taken without photos they were: 0.0441, 0.0442, 0.0441;  weights listed are those taken after the photos; looks like all the larvae fell off, but how is this lighter than it was originally? need to look into this ",F,J165_B1_F2,20190624,Elise,0.0425,0.0426,0.0426,0.0431,0.043,0.0432,,,J165_B1_F2_Pano,,0.0436,0.0412,-0.0024,NA,0.042566667,NA,NA,NA
J166_B1,1_5,FALSE,J166_B1_F1,20190123,Ffion,0.0441,0.0441,0.0441,0.0446,0.0446,0.0447,153,Max,J166_B1_F1_Pano,"counted on SWR; original weights with larvae taken without photos they were: 0.0455, 0.0455, 0.0455; weights listed are those taken after the photos",F,J166_B1_F2,20190624,Elise,0.0425,0.0424,0.0424,0.0426,0.0427,0.0427,,,J166_B1_F2_Pano,,0.0441,0.0446,0.0005,3.48584E-06,0.042433333,NA,NA,NA
J167_B1,1_5,FALSE,J167_B1_F1,20190123,Ffion,0.0432,0.0432,0.0432,0.045,0.0449,0.045,1508,Max,J167_B1_F1_Pano,counted on SWR,F,J167_B1_F2,20190624,Elise,0.0446,0.0445,0.0446,0.0449,0.0449,0.045,,,J167_B1_F2_Pano,,0.0432,0.045,0.0018,1.17153E-06,0.044566667,0.044933333,0.000366667,NA
J168_B1,1_5,FALSE,J168_B1_F1,20190123,Ffion,0.044,0.044,0.0439,0.0436,0.0437,0.0437,267,Elise,J168_B1_F1_Pano,"counted on SWR; original weights with larvae taken without photos they were: 0.0447, 0.0447, 0.0447; weights listed are those taken after the photos; Max count 293",F,J168_B1_F2,20190624,Elise,0.0437,0.0439,0.0438,0.0441,0.0442,0.0443,,,J168_B1_F2_Pano,,0.043966667,0.0437,-0.0003,-1.1236E-06,0.0438,0.0442,0.0004,NA
J169_B1,1_5,FALSE,J169_B1_F1,20190124,Ffion,0.0431,0.0431,0.0431,0.0426,0.0426,0.0426,556,Max,J169_B1_F1_Pano,"counted on SWR; original weights with larvae taken without photos they were: 0.0440, 0.0440, 0.0440; weights listed are those taken after the photos; something is wrong with this, weight is less than the original filter, but there are a bunch of larvae on it. Check ",F,J169_B1_F2,20190624,Elise,0.0453,0.0454,0.0455,0.0458,0.0458,0.0459,,,J169_B1_F2_Pano,,0.0431,0.0426,-0.0005,-8.99281E-07,0.0454,0.045833333,0.000433333,NA
J170_B1,1_5,FALSE,J170_B1_F1,20190124,Ffion,0.0439,0.0439,0.0439,0.0435,0.0436,0.0436,210,Max,J170_B1_F1_Pano,"counted on SWR; original weights with larvae taken without photos they were: 0.0451, 0.0451, 0.0451; weights listed are those taken after the photos; something is wrong with this, weighs less than it used to",F,J170_B1_F2,20190624,Elise,0.044,0.0441,0.044,0.0448,0.0447,0.0448,,,J170_B1_F2_Pano,,0.0439,0.0436,-0.0003,-1.5873E-06,0.044033333,0.044766667,0.000733333,NA
J171_B1,1_5,FALSE,J171_B1_F1,20190124,Ffion,0.0422,0.0422,0.0422,0.0417,0.0417,0.0417,243,Max,J171_B1_F1_Pano,"counted on SWR; original weights with larvae taken without photos they were: 0.0431, 0.0431, 0.0431; weights listed are those taken after the photos; something is wrong with this, weighs less than it used to",F,J171_B1_F2,20190625,Elise,0.0441,0.0439,0.0441,0.0441,0.0441,0.0442,,,J171_B1_F2_Pano,,0.0422,0.0417,-0.0005,-2.05761E-06,0.044033333,0.044133333,0.0001,NA
J172_B1,1_5,FALSE,J172_B1_F1,20190124,Ffion,0.0448,0.0448,0.0448,0.0443,0.0444,0.0444,374,Max,J172_B1_F1_Pano,"counted on SWR; original weights with larvae taken without photos they were: 0.0447, 0.0448, 0.0447; weights listed are those taken after the photos",F,J172_B1_F2,20190624,Elise,0.0423,0.0422,0.0424,0.0427,0.0427,0.0427,,,J172_B1_F2_Pano,,0.0448,0.0444,-0.0004,-1.15865E-06,0.0423,NA,NA,NA
J173_B1,1_5,FALSE,J173_B1_F1,20190125,Ffion,0.0439,0.0439,0.0439,0.0443,0.0444,0.0444,367,Elise,J173_B1_F1_Pano,"counted on SWR; original weights with larvae taken without photos they were: 0.0449, 0.0449, 0.0449; weights listed are those taken after the photos",F,J173_B1_F2,20190624,Elise,0.0439,0.044,0.0441,0.0442,0.0442,0.0443,,,J173_B1_F2_Pano,,0.0439,0.0444,0.0005,1.27157E-06,0.044,NA,NA,NA
J174_B1,2,FALSE,J174_B1_F1,20190125,Ffion,0.0442,0.0442,0.0442,0.0451,0.0451,0.0451,681,Elise,J174_B1_F1_Pano,Gaby count: 743,F,NA,NA,NA,NA,NA,NA,NA,NA,NA,NA,NA,,,0.0442,0.0451,0.0009,1.32159E-06,NA,NA,NA,NA
J175_B1,2,FALSE,J175_B1_F1,20190129,Ffion,0.0422,0.0422,0.0422,0.0431,0.0431,0.0431,658,Elise,J175_B1_F1_Pano,,F,NA,NA,NA,NA,NA,NA,NA,NA,NA,NA,NA,,,0.0422,0.0431,0.0009,1.36778E-06,NA,NA,NA,NA
J176_B1,2,FALSE,J176_B1_F1,20190129,Ffion,0.0432,0.0432,0.0432,0.044,0.044,0.044,536,Elise,J176_B1_F1_Pano,,F,NA,NA,NA,NA,NA,NA,NA,NA,NA,NA,NA,,,0.0432,0.044,0.0008,1.49254E-06,NA,NA,NA,NA
J177_B1,2,FALSE,J177_B1_F1,20190129,Ffion,0.0435,0.0435,0.0435,0.0443,0.0443,0.0443,716,Elise,J177_B1_F1_Pano,,F,NA,NA,NA,NA,NA,NA,NA,NA,NA,NA,NA,,,0.0435,0.0443,0.0008,1.11732E-06,NA,NA,NA,NA
J178_B1,2,FALSE,J178_B1_F1,20190129,Ffion,0.0429,0.0429,0.0429,0.0439,0.0439,0.0438,373,Elise,J178_B1_F1_Pano,,F,NA,NA,NA,NA,NA,NA,NA,NA,NA,NA,NA,,,0.0429,0.0439,0.001,2.5916E-06,NA,NA,NA,NA
J179_B1,2,FALSE,J179_B1_F1,20190129,Ffion,0.0424,0.0424,0.0424,0.0433,0.0433,0.0433,535,Elise,J179_B1_F1_Pano,,F,NA,NA,NA,NA,NA,NA,NA,NA,NA,NA,NA,,,0.0424,0.0433,0.0009,1.68224E-06,NA,NA,NA,NA
J180_B1,2,FALSE,J180_B1_F1,20190129,Ffion,0.0421,0.0421,0.0421,0.0429,0.0429,0.0429,549,Elise,J180_B1_F1_Pano,,F,NA,NA,NA,NA,NA,NA,NA,NA,NA,NA,NA,,,0.0421,0.0429,0.0008,1.45719E-06,NA,NA,NA,NA
J181_B1,2,FALSE,J181_B1_F1,20190130,Ffion,0.0443,0.0442,0.0443,0.0458,0.0458,0.0459,1656,Elise,J181_B1_F1_Pano,Gaby count: 1663,F,NA,NA,NA,NA,NA,NA,NA,NA,NA,NA,NA,,,0.044266667,0.0458,0.0016,9.46055E-07,NA,NA,NA,NA
J182_B1,2,FALSE,J182_B1_F1,20190130,Ffion,0.0411,0.0411,0.0411,0.0416,0.0416,0.0416,1606,Elise,J182_B1_F1_Pano,,F,NA,NA,NA,NA,NA,NA,NA,NA,NA,NA,NA,,,0.0411,0.0416,0.0005,3.11333E-07,NA,NA,NA,NA
J185_B1,2,FALSE,J185_B1_F1,20190131,Ffion,0.0415,0.0416,0.0416,0.0426,0.0426,0.0426,1204,Elise,J185_B1_F1_Pano,,F,NA,NA,NA,NA,NA,NA,NA,NA,NA,NA,NA,,,0.041566667,0.0426,0.001,8.5825E-07,NA,NA,NA,NA
J186_B1,2,FALSE,J186_B1_F1,20190131,Ffion,0.0415,0.0415,0.0415,0.0425,0.0426,0.0425,1326,Elise,J186_B1_F1_Pano,,F,NA,NA,NA,NA,NA,NA,NA,NA,NA,NA,NA,,,0.0415,0.0425,0.001,7.79286E-07,NA,NA,NA,NA
J187_B1,2,FALSE,J187_B1_F1,20190131,Ffion,0.0398,0.0398,0.0398,0.0408,0.0408,0.0408,466,Elise,J187_B1_F1_Pano,,F,NA,NA,NA,NA,NA,NA,NA,NA,NA,NA,NA,,,0.0398,0.0408,0.001,2.14592E-06,NA,NA,NA,NA
J188_B1,2,FALSE,J188_B1_F1,20190204,Ffion,0.0426,0.0426,0.0426,0.0444,0.0444,0.0444,,,J188_B1_F1_Pano,,F,NA,NA,NA,NA,NA,NA,NA,NA,NA,NA,NA,,,0.0426,0.0444,0.0018,NA,NA,NA,NA,NA
J190_B1,2,FALSE,J190_B1_F1,20190204,Ffion,0.043,0.043,0.043,0.0447,0.0448,0.0447,512,Elise,J190_B1_F1_Pano,,F,NA,NA,NA,NA,NA,NA,NA,NA,NA,NA,NA,,,0.043,0.0447,0.0017,3.38542E-06,NA,NA,NA,NA
J191_B1,2,FALSE,J191_B1_F1,20190204,Ffion,0.0417,0.0418,0.0418,0.0431,0.0432,0.0431,626,Elise,J191_B1_F1_Pano,,F,NA,NA,NA,NA,NA,NA,NA,NA,NA,NA,NA,,,0.041766667,0.0431,0.0014,2.18317E-06,NA,NA,NA,NA
J192_B1,2,FALSE,J192_B1_F1,20190204,Ffion,0.0436,0.0436,0.0436,0.0448,0.0448,0.0448,412,Elise,J192_B1_F1_Pano,,F,NA,NA,NA,NA,NA,NA,NA,NA,NA,NA,NA,,,0.0436,0.0448,0.0012,2.91262E-06,NA,NA,NA,NA
J193_B1,2,FALSE,J193_B1_F1,20190204,Ffion,0.0438,0.0439,0.0439,0.0451,0.0451,0.0451,263,Elise,J193_B1_F1_Pano,,F,NA,NA,NA,NA,NA,NA,NA,NA,NA,NA,NA,,,0.043866667,0.0451,0.0012,4.68948E-06,NA,NA,NA,NA
J195_B1,2,FALSE,J195_B1_F1,20190204,Ffion,0.0427,0.0427,0.0427,0.0444,0.0444,0.0445,292,Elise,J195_B1_F1_Pano,,F,NA,NA,NA,NA,NA,NA,NA,NA,NA,NA,NA,,,0.0427,0.0444,0.0017,5.93607E-06,NA,NA,NA,NA
J197_B1,2,FALSE,J197_B1_F1,20190204,Ffion,0.0449,0.0449,0.0449,0.046,0.046,0.046,,,J197_B1_F1_Pano,,F,NA,NA,NA,NA,NA,NA,NA,NA,NA,NA,NA,,,0.0449,0.046,0.0011,NA,NA,NA,NA,NA
J198_B1,2,FALSE,J198_B1_F1,20190204,Ffion,0.0468,0.0468,0.0468,0.0476,0.0476,0.0476,558,Elise,J198_B1_F1_Pano,,F,NA,NA,NA,NA,NA,NA,NA,NA,NA,NA,NA,,,0.0468,0.0476,0.0008,1.43369E-06,NA,NA,NA,NA
J199_B1,2,FALSE,J199_B1_F1,20190205,Elise,0.0445,0.0445,0.0446,0.0449,0.045,0.045,514,Elise,J199_B1_F1_Pano,,F,NA,NA,NA,NA,NA,NA,NA,NA,NA,NA,NA,,,0.044533333,0.045,0.0004,8.43061E-07,NA,NA,NA,NA
J200_B1,2,FALSE,J200_B1_F1,20190205,Elise,0.0443,0.0444,0.0444,0.0448,0.0448,0.0449,555,Elise,J200_B1_F1_Pano,,F,NA,NA,NA,NA,NA,NA,NA,NA,NA,NA,NA,,,0.044166667,0.0449,0.0008,1.38138E-06,NA,NA,NA,NA
J201_B1,2,FALSE,J201_B1_F1,20190205,Elise,0.0441,0.0442,0.0442,0.0449,0.0449,0.045,657,Elise,J201_B1_F1_Pano,Gaby count: 671,F,NA,NA,NA,NA,NA,NA,NA,NA,NA,NA,NA,,,NA,NA,NA,NA,NA,NA,NA,NA
J202_B1,2,FALSE,J202_B1_F1,20190205,Elise,0.0445,0.0444,0.0444,0.045,0.045,0.045,787,Elise,J202_B1_F1_Pano,,F,NA,NA,NA,NA,NA,NA,NA,NA,NA,NA,NA,,,0.042433333,0.0434,0.001,1.22829E-06,NA,NA,NA,NA
J203_B1,2,FALSE,J203_B1_F1,20190205,Elise,0.0423,0.0425,0.0425,0.0434,0.0434,0.0434,713,Elise,J203_B1_F1_Pano,,F,NA,NA,NA,NA,NA,NA,NA,NA,NA,NA,NA,,,NA,NA,NA,NA,NA,NA,NA,NA
J204_B1,2,FALSE,J204_B1_F1,20190205,Elise,0.0437,0.0438,0.0439,0.0443,0.0442,0.0444,621,Elise,J204_B1_F1_Pano,,F,NA,NA,NA,NA,NA,NA,NA,NA,NA,NA,NA,,,0.0438,0.0443,0.0005,8.05153E-07,NA,NA,NA,NA
J205_B1,2,FALSE,J205_B1_F1,20190213,Ffion,0.0458,0.0458,0.0458,0.0473,0.0473,0.0473,708,Elise,J205_B1_F1_Pano,,F,NA,NA,NA,NA,NA,NA,NA,NA,NA,NA,NA,,,0.0458,0.0473,0.0015,2.11864E-06,NA,NA,NA,NA
J207_B1,2,FALSE,J207_B1_F1,20190213,Ffion,0.0427,0.0427,0.0427,0.0441,0.0442,0.0442,728,Elise,J207_B1_F1_Pano,,F,NA,NA,NA,NA,NA,NA,NA,NA,NA,NA,NA,,,0.0427,0.0442,0.0015,2.01465E-06,NA,NA,NA,NA
J208_B1,2,FALSE,J208_B1_F1,20190205,Elise,0.0443,0.0445,0.0444,0.0448,0.0448,0.0448,697,Elise,J208_B1_F1_Pano,fell upside down after stuck to filtering aparatus,F,NA,NA,NA,NA,NA,NA,NA,NA,NA,NA,NA,,,0.0444,0.0448,0.0004,5.73888E-07,NA,NA,NA,NA
J209_B1,2,FALSE,J209_B1_F1,20190205,Elise,0.0446,0.0446,0.0447,0.0449,0.045,0.0449,550,Elise,J209_B1_F1_Pano,,F,NA,NA,NA,NA,NA,NA,NA,NA,NA,NA,NA,,,0.044633333,0.0449,0.0003,5.45455E-07,NA,NA,NA,NA
J210_B1,2,FALSE,J210_B1_F1,20190205,Elise,0.0456,0.0456,0.0457,0.0457,0.0458,0.0459,486,Elise,J210_B1_F1_Pano,,F,NA,NA,NA,NA,NA,NA,NA,NA,NA,NA,NA,,,0.045633333,0.0458,0.0002,3.42936E-07,NA,NA,NA,NA
J211_B1,2,FALSE,J211_B1_F1,20190205,Elise,0.0426,0.0426,0.0427,0.0428,0.0428,0.0429,472,Elise,J211_B1_F1_Pano,,F,NA,NA,NA,NA,NA,NA,NA,NA,NA,NA,NA,,,0.042633333,0.0428,0.0002,4.23729E-07,NA,NA,NA,NA
J212_B1,2,FALSE,J212_B1_F1,20190205,Elise,,,,,,,,,,,NA,NA,20190213,Ffion,0.0431,0.0431,0.0431,0.0439,0.044,0.0439,514,Elise,J212_B1_F2_Pano,,NA,NA,NA,NA,0.0431,0.043933333,0.000833333,1.62127E-06
J213_B1,2,FALSE,J213_B1_F1,20190205,Elise,0.043,0.043,0.043,0.0435,0.0435,0.0436,97,Elise,J213_B1_F1_Pano,,F,NA,20190213,Ffion,0.0428,0.0428,0.0428,0.0436,0.0436,0.0436,343,Elise,J213_B1_F2_Pano,,0.043,0.0435,0.0005,5.49828E-06,0.0428,0.0436,0.0008,2.33236E-06
J214_B1,2,FALSE,J214_B1_F1,20190205,Elise,0.0444,0.0444,0.0443,0.0447,0.0448,0.0448,308,Elise,J214_B1_F1_Pano,,F,NA,20190213,Ffion,0.0422,0.0422,0.0422,0.0433,0.0434,0.0433,NA,NA,J214_B1_F2_Pano,static cling to lid before weighing w/ larvae,0.044366667,0.0448,0.0004,1.2987E-06,0.0422,0.043333333,0.001133333,NA
J215_B1,2,FALSE,J215_B1_F1,20190205,Elise,0.0461,0.0461,0.0462,0.0466,0.0466,0.0467,52,Elise,J215_B1_F1_Pano,,F,J215_B1_F2,20190213,Ffion,0.0433,0.0433,0.0433,0.0442,0.0442,0.0442,627,Elise,J215_B1_F2_Pano,static cling to lid before weighing w/ larvae,0.046133333,0.0466,0.0005,9.61538E-06,0.0433,0.0442,0.0009,1.43541E-06
J216_B1,2,FALSE,J216_B1_F1,20190205,Elise,0.0444,0.0445,0.0444,0.0446,0.0446,0.0447,234,Elise,J216_B1_F1_Pano,,F,NA,20190213,Ffion,0.0439,0.0439,0.0439,0.0454,0.0454,0.0454,NA,NA,J216_B1_F2_Pano,static cling to lid before weighing w/ larvae,0.044433333,0.0446,0.0002,8.54701E-07,0.0439,0.0454,0.0015,NA
J217_B1,2,FALSE,J217_B1_F1,20190205,Elise,0.0427,0.0427,0.0428,0.0429,0.043,0.043,643,Elise,J217_B1_F1_Pano,,F,NA,20190213,Ffion,0.0427,0.0427,0.0427,0.0435,0.0435,0.0435,NA,NA,J217_B1_F2_Pano,,0.042733333,0.043,0.0002,3.62882E-07,0.0427,0.0435,0.0008,NA
J218_B1,2,FALSE,J218_B1_F1,20190205,Elise,0.0441,0.0441,0.0441,0.0443,0.0444,0.0444,105,Elise,J218_B1_F1_Pano,,F,NA,20190213,Ffion,0.0423,0.0422,0.0423,0.0429,0.0429,0.043,NA,NA,J218_B1_F2_Pano,,0.0441,0.0444,0.0003,2.53968E-06,0.042266667,0.042933333,0.000666667,NA
J219_B1,2,FALSE,J219_B1_F1,20190205,Elise,0.0418,0.0418,0.0419,0.0421,0.0422,0.0422,380,Elise,J219_B1_F1_Pano,,F,NA,20190213,Ffion,0.0437,0.0437,0.0437,0.0442,0.0442,0.0442,NA,NA,J219_B1_F2_Pano,,0.041833333,0.0422,0.0003,8.77193E-07,0.0437,0.0442,0.0005,NA
J220_B1,2,FALSE,J220_B1_F1,20190205,Elise,0.0433,0.0433,0.0433,0.0437,0.0436,0.0436,118,Elise,J220_B1_F1_Pano,,F,NA,20190213,Ffion,0.0434,0.0434,0.0434,0.0439,0.0439,0.044,783,Elise,J220_B1_F2_Pano,,0.0433,0.0436,0.0003,2.82486E-06,0.0434,0.043933333,0.000533333,6.81141E-07
J221_B1,2,FALSE,J221_B1_F1,20190205,Elise,0.044,0.0441,0.0441,0.0443,0.0444,0.0443,299,Elise,J221_B1_F1_Pano,,F,NA,20190215,Paige,0.0417,0.0418,0.0418,0.0422,0.0423,0.0423,224,Elise,J221_B1_F2_Pano,,0.044066667,0.0443,0.0003,8.91862E-07,0.041766667,0.042266667,0.0005,2.23214E-06
J222_B1,2,FALSE,J222_B1_F1,20190205,Elise,0.0448,0.0449,0.0448,0.045,0.0449,0.045,88,Elise,J222_B1_F1_Pano,,F,NA,20190215,Paige,0.0416,0.0415,0.0417,0.0425,0.0425,0.0425,465,Elise,J222_B1_F2_Pano,,0.044833333,0.045,0.0001,1.51515E-06,0.0416,0.0425,0.0009,1.93548E-06
J223_B1,2,FALSE,J223_B1_F1,20190205,Elise,0.0431,0.0431,0.0432,0.0433,0.0433,0.0434,37,Elise,J223_B1_F1_Pano,very few larvae,F,NA,20190213,Ffion,0.0425,0.0425,0.0425,0.0431,0.0431,0.0431,403,Elise,J223_B1_F2_Pano,,0.043133333,0.0433,0.0002,5.40541E-06,0.0425,0.0431,0.0006,1.48883E-06
J224_B1,2,FALSE,J224_B1_F1,20190205,Elise,0.0455,0.0454,0.0455,0.0454,0.0454,0.0455,74,Elise,J224_B1_F1_Pano,,F,NA,20190215,Paige,0.044,0.044,0.0441,0.0452,0.0452,0.0452,527,Elise,J224_B1_F2_Pano,,0.045466667,0.0454,0,-4.5045E-07,0.044033333,0.0452,0.001166667,2.21379E-06
J225_B1,2,FALSE,J225_B1_F1,20190205,Elise,0.0427,0.0426,0.0427,0.0428,0.0428,0.0428,665,Elise,J225_B1_F1_Pano,fell off filtering aparatus,F,NA,20190215,Paige,0.0429,0.043,0.043,0.0442,0.0442,0.0443,159,Elise,J225_B1_F2_Pano,,0.042666667,0.0428,0.0001,2.00501E-07,0.042966667,0.044233333,0.001266667,7.96646E-06
J226_B1,2,FALSE,J226_B1_F1,20190205,Elise,0.0439,0.0439,0.0441,0.0442,0.0442,0.0442,164,Elise,J226_B1_F1_Pano,,F,NA,20190215,Paige,0.0436,0.0437,0.0437,0.0447,0.0446,0.0447,468,Elise,J226_B1_F2_Pano,,0.043966667,0.0442,0.0002,1.42276E-06,0.043666667,0.044666667,0.001,2.13675E-06
J227_B1,2,FALSE,J227_B1_F1,20190205,Elise,0.0449,0.045,0.0451,0.0451,0.0452,0.0452,608,Elise,J227_B1_F1_Pano,,F,NA,20190215,Paige,0.0443,0.0443,0.0443,0.0451,0.0451,0.0453,158,Elise,J227_B1_F2_Pano,,0.045,0.0452,0.0002,2.74123E-07,0.0443,0.045166667,0.000866667,5.48523E-06
J228_B1,2,FALSE,J228_B1_F1,20190219,Ffion,0.0432,0.0432,0.0432,0.0448,0.0448,0.0448,526,Elise,J228_B1_F1_Pano,,F,NA,NA,NA,NA,NA,NA,NA,NA,NA,NA,NA,,,0.0432,0.0448,0.0016,3.04183E-06,NA,NA,NA,NA
J229_B1,2,FALSE,J229_B1_F1,20190219,Ffion,0.0448,0.0448,0.0447,0.0457,0.0457,0.0457,667,Elise,J229_B1_F1_Pano,,F,NA,NA,NA,NA,NA,NA,NA,NA,NA,NA,NA,,,0.044766667,0.0457,0.0009,1.3993E-06,NA,NA,NA,NA
J230_B1,2,FALSE,J230_B1_F1,20190219,Ffion,0.0417,0.0417,0.0417,0.0426,0.0426,0.0426,641,Elise,J230_B1_F1_Pano,static cling to lid before weighing w/ larvae,F,NA,NA,NA,NA,NA,NA,NA,NA,NA,NA,NA,,,0.0417,0.0426,0.0009,1.40406E-06,NA,NA,NA,NA
J231_B1,2,FALSE,J231_B1_F1,20190219,Ffion,0.0424,0.0424,0.0424,0.0434,0.0434,0.0435,653,Elise,J231_B1_F1_Pano,,F,NA,NA,NA,NA,NA,NA,NA,NA,NA,NA,NA,,,0.0424,0.0434,0.001,1.58244E-06,NA,NA,NA,NA
J232_B1,2,FALSE,J232_B1_F1,20190219,Ffion,0.0425,0.0425,0.0425,0.0433,0.0434,0.0434,809,Elise,J232_B1_F1_Pano,,F,NA,NA,NA,NA,NA,NA,NA,NA,NA,NA,NA,,,0.0425,0.0434,0.0009,1.07128E-06,NA,NA,NA,NA
J233_B1,2,FALSE,J233_B1_F1,20190219,Ffion,0.0441,0.0441,0.0441,0.0454,0.0453,0.0454,713,Elise,J233_B1_F1_Pano,,F,NA,NA,NA,NA,NA,NA,NA,NA,NA,NA,NA,,,0.0441,0.0454,0.0013,1.77653E-06,NA,NA,NA,NA
J234_B1,2,FALSE,J234_B1_F1,20190219,Ffion,0.0419,0.0418,0.0419,0.0425,0.0425,0.0425,810,Elise,J234_B1_F1_Pano,,F,NA,NA,NA,NA,NA,NA,NA,NA,NA,NA,NA,,,0.041866667,0.0425,0.0006,7.81893E-07,NA,NA,NA,NA
J235_B1,2,FALSE,J235_B1_F1,20190219,Ffion,0.0401,0.0401,0.0401,0.0408,0.0408,0.0408,1258,Elise,J235_B1_F1_Pano,,F,NA,NA,NA,NA,NA,NA,NA,NA,NA,NA,NA,,,0.0401,0.0408,0.0007,5.56439E-07,NA,NA,NA,NA
J236_B1,2,FALSE,J236_B1_F1,20190219,Ffion,0.0436,0.0436,0.0437,0.0447,0.0447,0.0448,1414,Gabriela,J236_B1_F1_Pano,,F,NA,NA,NA,NA,NA,NA,NA,NA,NA,NA,NA,,,0.043633333,0.0447,0.0011,7.77935E-07,NA,NA,NA,NA
J237_B1,2,FALSE,J237_B1_F1,20190219,Ffion,0.0428,0.0428,0.0429,0.0437,0.0438,0.0438,516,Gabriela,J237_B1_F1_Pano,,F,NA,NA,NA,NA,NA,NA,NA,NA,NA,NA,NA,,,0.042833333,0.0438,0.0009,1.80879E-06,NA,NA,NA,NA
J238_B1,2,FALSE,J238_B1_F1,20190219,Ffion,0.0425,0.0425,0.0425,0.0443,0.0443,0.0444,941,Gabriela,J238_B1_F1_Pano,,F,NA,NA,NA,NA,NA,NA,NA,NA,NA,NA,NA,,,0.0425,0.0443,0.0018,1.94828E-06,NA,NA,NA,NA
J239_B1,2,FALSE,J239_B1_F1,20190219,Ffion,0.0432,0.0432,0.0432,0.044,0.0441,0.044,989,Gabriela,J239_B1_F1_Pano,,F,NA,NA,NA,NA,NA,NA,NA,NA,NA,NA,NA,,,0.0432,0.044,0.0008,8.42602E-07,NA,NA,NA,NA
J240_B1,2,FALSE,J240_B1_F1,20190219,Ffion,0.0432,0.0432,0.0432,0.0443,0.0443,0.0443,657,Gabriela,J240_B1_F1_Pano,"washer moved mid photo, so stitched image looks odd",F,NA,NA,NA,NA,NA,NA,NA,NA,NA,NA,NA,,,0.0432,0.0443,0.0011,1.67428E-06,NA,NA,NA,NA
J241_B1,2,FALSE,J241_B1_F1,20190219,Ffion,0.0417,0.0417,0.0417,0.0431,0.0431,0.0431,603,Gabriela,J241_B1_F1_Pano,,F,NA,NA,NA,NA,NA,NA,NA,NA,NA,NA,NA,,,0.0417,0.0431,0.0014,2.32172E-06,NA,NA,NA,NA
J243_B1,2,FALSE,J243_B1_F1,20190219,Ffion,0.044,0.0439,0.044,0.0455,0.0455,0.0455,584,Gabriela,J243_B1_F1_Pano,,F,NA,NA,NA,NA,NA,NA,NA,NA,NA,NA,NA,,,0.043966667,0.0455,0.0015,2.62557E-06,NA,NA,NA,NA
J244_B1,2,FALSE,J244_B1_F1,20190225,Ffion,0.0426,0.0426,0.0426,0.0439,0.0439,0.0439,609,Gabriela,J244_B1_F1_Pano,,F,NA,NA,NA,NA,NA,NA,NA,NA,NA,NA,NA,,,0.0426,0.0439,0.0013,2.13465E-06,NA,NA,NA,NA
J245_B1,2,FALSE,J245_B1_F1,20190225,Ffion,0.0435,0.0435,0.0436,0.0448,0.0448,0.0448,551,Gabriela,J245_B1_F1_Pano,,F,NA,NA,NA,NA,NA,NA,NA,NA,NA,NA,NA,,,0.043533333,0.0448,0.0013,2.29885E-06,NA,NA,NA,NA
J246_B1,2,FALSE,J246_B1_F1,20190225,Ffion,0.0434,0.0433,0.0434,0.0444,0.0445,0.0445,424,Gabriela,J246_B1_F1_Pano,,F,NA,NA,NA,NA,NA,NA,NA,NA,NA,NA,NA,,,0.043366667,0.0445,0.0011,2.59434E-06,NA,NA,NA,NA
J247_B1,2,FALSE,J247_B1_F1,20190225,Ffion,0.0415,0.0415,0.0415,0.0428,0.0428,0.0428,228,Gabriela,J247_B1_F1_Pano,,F,NA,NA,NA,NA,NA,NA,NA,NA,NA,NA,NA,,,0.0415,0.0428,0.0013,5.70175E-06,NA,NA,NA,NA
J248_B1,2,FALSE,J248_B1_F1,20190225,Ffion,0.0412,0.0412,0.0412,0.0426,0.0426,0.0426,84,Gabriela,J248_B1_F1_Pano,,F,NA,NA,NA,NA,NA,NA,NA,NA,NA,NA,NA,,,0.0412,0.0426,0.0014,1.66667E-05,NA,NA,NA,NA
J249_B1,2,FALSE,J249_B1_F1,20190225,Ffion,0.0441,0.0441,0.0442,0.0453,0.0454,0.0453,821,Gabriela,J249_B1_F1_Pano,,F,NA,NA,NA,NA,NA,NA,NA,NA,NA,NA,NA,,,0.044133333,0.0453,0.0012,1.46163E-06,NA,NA,NA,NA
J250_B1,2,FALSE,J250_B1_F1,20190225,Ffion,0.0406,0.0406,0.0407,0.0422,0.0422,0.0422,2210,Gabriela,J250_B1_F1_Pano,,F,NA,NA,NA,NA,NA,NA,NA,NA,NA,NA,NA,,,0.040633333,0.0422,0.0016,7.08899E-07,NA,NA,NA,NA
J251_B1,2,FALSE,J251_B1_F1,20190225,Ffion,0.0408,0.0408,0.0408,0.0421,0.0422,0.0421,1923,Elise,J251_B1_F1_Pano,Gabriela over counted; check in about it,F,NA,NA,NA,NA,NA,NA,NA,NA,NA,NA,NA,,,0.0408,0.0421,0.0013,6.93361E-07,NA,NA,NA,NA
J252_B1,2,FALSE,J252_B1_F1,20190225,Ffion,0.0428,0.0428,0.0428,0.0442,0.0442,0.0441,518,Gabriela,J252_B1_F1_Pano,Elise count: 520,F,NA,NA,NA,NA,NA,NA,NA,NA,NA,NA,NA,,,0.0428,0.0442,0.0014,2.63835E-06,NA,NA,NA,NA
J253_B1,2,FALSE,J253_B1_F1,20190225,Ffion,0.0436,0.0437,0.0436,0.0453,0.0453,0.0453,445,Elise,J253_B1_F1_Pano,,F,NA,NA,NA,NA,NA,NA,NA,NA,NA,NA,NA,,,0.043633333,0.0453,0.0017,3.74532E-06,NA,NA,NA,NA
J254_B1,2,FALSE,J254_B1_F1,20190226,Elise,0.0423,0.0424,0.0423,0.0433,0.0433,0.0434,583,Elise,J254_B1_F1_Pano,,F,NA,NA,NA,NA,NA,NA,NA,NA,NA,NA,NA,,,0.042333333,0.0433,0.001,1.71527E-06,NA,NA,NA,NA
J255_B1,2,FALSE,J255_B1_F1,20190226,Elise,0.0427,0.0427,0.0428,0.0437,0.0437,0.0437,623,Elise,J255_B1_F1_Pano,,F,NA,NA,NA,NA,NA,NA,NA,NA,NA,NA,NA,,,0.042733333,0.0437,0.001,1.55163E-06,NA,NA,NA,NA
J256_B1,2,FALSE,J256_B1_F1,20190226,Elise,0.0422,0.042,0.0421,0.0433,0.0432,0.0433,600,Elise,J256_B1_F1_Pano,,F,NA,NA,NA,NA,NA,NA,NA,NA,NA,NA,NA,,,0.0421,0.0433,0.0012,1.94444E-06,NA,NA,NA,NA
J257_B1,2,FALSE,J257_B1_F1,20190226,Elise,0.0406,0.0404,0.0404,0.0416,0.0416,0.0416,533,Elise,J257_B1_F1_Pano,,F,NA,NA,NA,NA,NA,NA,NA,NA,NA,NA,NA,,,0.040466667,0.0416,0.0011,2.12633E-06,NA,NA,NA,NA
J258_B1,2,FALSE,J258_B1_F1,20190226,Elise,0.0436,0.0437,0.0437,0.0449,0.0449,0.0448,463,Elise,J258_B1_F1_Pano,,F,NA,NA,NA,NA,NA,NA,NA,NA,NA,NA,NA,,,0.043666667,0.0449,0.0012,2.59179E-06,NA,NA,NA,NA
J259_B1,2,FALSE,J259_B1_F1,20190226,Elise,0.045,0.045,0.045,0.0461,0.0461,0.046,566,Elise,J259_B1_F1_Pano,,F,NA,NA,NA,NA,NA,NA,NA,NA,NA,NA,NA,,,0.045,0.0461,0.0011,1.88457E-06,NA,NA,NA,NA
J260_B1,2,FALSE,J260_B1_F1,20190226,Elise,0.0411,0.0412,0.0412,0.0422,0.0423,0.0423,544,Elise,J260_B1_F1_Pano,,F,NA,NA,NA,NA,NA,NA,NA,NA,NA,NA,NA,,,0.041166667,0.0423,0.0011,2.02206E-06,NA,NA,NA,NA
J261_B1,2,FALSE,J261_B1_F1,20190226,Elise,0.0438,0.0438,0.0439,0.045,0.045,0.045,440,Elise,J261_B1_F1_Pano,,F,NA,NA,NA,NA,NA,NA,NA,NA,NA,NA,NA,,,0.043833333,0.045,0.0012,2.65152E-06,NA,NA,NA,NA
J262_B1,2,FALSE,J262_B1_F1,20190226,Elise,0.0418,0.0416,0.0417,0.0428,0.043,0.0429,425,Elise,J262_B1_F1_Pano,,F,NA,NA,NA,NA,NA,NA,NA,NA,NA,NA,NA,,,0.0417,0.0429,0.0012,2.82353E-06,NA,NA,NA,NA
J263_B1,2,FALSE,J263_B1_F1,20190226,Elise,0.0426,0.0426,0.0426,0.0436,0.0438,0.0438,671,Elise,J263_B1_F1_Pano,,F,NA,NA,NA,NA,NA,NA,NA,NA,NA,NA,NA,,,0.0426,0.0437,0.0011,1.68902E-06,NA,NA,NA,NA
J264_B1,2,FALSE,J264_B1_F1,20190226,Elise,0.0455,0.0455,0.0455,0.0467,0.0466,0.0466,814,Elise,J264_B1_F1_Pano,,F,NA,NA,NA,NA,NA,NA,NA,NA,NA,NA,NA,,,0.0455,0.0466,0.0011,1.3923E-06,NA,NA,NA,NA
J265_B1,2,FALSE,J265_B1_F1,20190226,Elise,0.044,0.044,0.044,0.0451,0.0452,0.0453,391,Elise,J265_B1_F1_Pano,,F,NA,NA,NA,NA,NA,NA,NA,NA,NA,NA,NA,,,0.044,0.0452,0.0012,3.06905E-06,NA,NA,NA,NA
J266_B1,2,FALSE,J266_B1_F1,20190226,Elise,0.0426,0.0425,0.0425,0.0439,0.0438,0.0438,343,Elise,J266_B1_F1_Pano,lots of static in this petri dish,F,NA,NA,NA,NA,NA,NA,NA,NA,NA,NA,NA,,,0.042533333,0.0438,0.0013,3.79009E-06,NA,NA,NA,NA
J267_B1,2,FALSE,J267_B1_F1,20190226,Elise,0.0466,0.0466,0.0467,0.0478,0.0478,0.048,308,Elise,J267_B1_F1_Pano,,F,NA,NA,NA,NA,NA,NA,NA,NA,NA,NA,NA,,,0.046633333,0.0479,0.0012,4.00433E-06,NA,NA,NA,NA
J268_B1,2,FALSE,J268_B1_F1,20190227,Ffion,0.0427,0.0427,0.0427,0.0443,0.0443,0.0443,321,Elise,J268_B1_F1_Pano,,F,NA,NA,NA,NA,NA,NA,NA,NA,NA,NA,NA,,,0.0427,0.0443,0.0016,4.98442E-06,NA,NA,NA,NA
J269_B1,2,FALSE,J269_B1_F1,20190227,Ffion,0.0427,0.0428,0.0427,0.0443,0.0442,0.0443,474,Elise,J269_B1_F1_Pano,,F,NA,NA,NA,NA,NA,NA,NA,NA,NA,NA,NA,,,0.042733333,0.0443,0.0015,3.23488E-06,NA,NA,NA,NA
J270_B1,2,FALSE,J270_B1_F1,20190227,Ffion,0.0443,0.0443,0.0443,0.0458,0.0458,0.0458,580,Elise,J270_B1_F1_Pano,,F,NA,NA,NA,NA,NA,NA,NA,NA,NA,NA,NA,,,0.0443,0.0458,0.0015,2.58621E-06,NA,NA,NA,NA
J271_B1,2,FALSE,J271_B1_F1,20190228,Ffion,0.0417,0.0418,0.0417,0.0443,0.0443,0.0442,927,Elise,J271_B1_F1_Pano,,F,NA,NA,NA,NA,NA,NA,NA,NA,NA,NA,NA,,,0.041733333,0.0443,0.0025,2.73283E-06,NA,NA,NA,NA
J272_B1,2,FALSE,J272_B1_F1,20190228,Ffion,0.0421,0.0422,0.0422,0.0436,0.0436,0.0436,961,Elise,J272_B1_F1_Pano,,F,NA,NA,NA,NA,NA,NA,NA,NA,NA,NA,NA,,,0.042166667,0.0436,0.0014,1.4915E-06,NA,NA,NA,NA
J273_B1,2,FALSE,J273_B1_F1,20190228,Ffion,0.0454,0.0454,0.0454,0.0468,0.0468,0.0468,643,Elise,J273_B1_F1_Pano,,F,NA,NA,NA,NA,NA,NA,NA,NA,NA,NA,NA,,,0.0454,0.0468,0.0014,2.17729E-06,NA,NA,NA,NA
J274_B1,2,FALSE,J274_B1_F1,20190228,Ffion,0.0437,0.0437,0.0437,0.045,0.045,0.045,484,Elise,J274_B1_F1_Pano,,F,NA,NA,NA,NA,NA,NA,NA,NA,NA,NA,NA,,,0.0437,0.045,0.0013,2.68595E-06,NA,NA,NA,NA
J275_B1,2,FALSE,J275_B1_F1,20190228,Ffion,0.044,0.044,0.0441,0.0456,0.0456,0.0456,702,Elise,J275_B1_F1_Pano,,F,NA,NA,NA,NA,NA,NA,NA,NA,NA,NA,NA,,,0.044033333,0.0456,0.0016,2.23172E-06,NA,NA,NA,NA
J276_B1,2,FALSE,J276_B1_F1,20190228,Ffion,0.0434,0.0434,0.0434,0.0449,0.0449,0.045,809,Elise,J276_B1_F1_Pano,,F,NA,NA,NA,NA,NA,NA,NA,NA,NA,NA,NA,,,0.0434,0.0449,0.0015,1.89534E-06,NA,NA,NA,NA
J277_B1,2,FALSE,J277_B1_F1,20190228,Ffion,0.0446,0.0446,0.0446,0.0461,0.0462,0.0461,829,Elise,J277_B1_F1_Pano,,F,NA,NA,NA,NA,NA,NA,NA,NA,NA,NA,NA,,,0.0446,0.0461,0.0015,1.84962E-06,NA,NA,NA,NA
J278_B1,2,FALSE,J278_B1_F1,20190228,Ffion,0.0421,0.0422,0.0421,0.0436,0.0436,0.0436,1621,Elise,J278_B1_F1_Pano,Count 2 is 1552,F,NA,NA,NA,NA,NA,NA,NA,NA,NA,NA,NA,,,0.042133333,0.0436,0.0015,9.04791E-07,NA,NA,NA,NA
J279_B1,2,FALSE,J279_B1_F1,20190228,Ffion,0.0435,0.0435,0.0435,0.045,0.045,0.0449,1611,Elise,J279_B1_F1_Pano,"First count was 1709, used recount number ",F,NA,NA,NA,NA,NA,NA,NA,NA,NA,NA,NA,,,0.0435,0.045,0.0015,9.10408E-07,NA,NA,NA,NA
J280_B1,2,FALSE,J280_B1_F1,20190228,Ffion,0.0436,0.0436,0.0436,0.045,0.0449,0.045,576,Elise,J280_B1_F1_Pano,,F,NA,NA,NA,NA,NA,NA,NA,NA,NA,NA,NA,,,0.0436,0.045,0.0014,2.37269E-06,NA,NA,NA,NA
J281_B1,2,FALSE,J281_B1_F1,20190228,Ffion,0.0439,0.0439,0.0439,0.0456,0.0456,0.0455,1322,Elise,J281_B1_F1_Pano,,F,NA,NA,NA,NA,NA,NA,NA,NA,NA,NA,NA,,,0.0439,0.0456,0.0017,1.26072E-06,NA,NA,NA,NA
J282_B1,2,FALSE,J282_B1_F1,20190228,Ffion,0.0429,0.0429,0.0429,0.0445,0.0445,0.0445,1687,Elise,J282_B1_F1_Pano,,F,NA,NA,NA,NA,NA,NA,NA,NA,NA,NA,NA,,,0.0429,0.0445,0.0016,9.48429E-07,NA,NA,NA,NA
J283_B1,2,FALSE,J283_B1_F1,20190228,Ffion,0.0424,0.0424,0.0424,0.0439,0.0439,0.0439,536,Elise,J283_B1_F1_Pano,,F,NA,NA,NA,NA,NA,NA,NA,NA,NA,NA,NA,,,0.0424,0.0439,0.0015,2.79851E-06,NA,NA,NA,NA
J284_B1,2,FALSE,J284_B1_F1,20190228,Ffion,0.0431,0.0431,0.0432,0.0448,0.0448,0.0448,575,Elise,J284_B1_F1_Pano,,F,NA,NA,NA,NA,NA,NA,NA,NA,NA,NA,NA,,,0.043133333,0.0448,0.0017,2.89855E-06,NA,NA,NA,NA
J285_B1,2,FALSE,J285_B1_F1,20190228,Ffion,0.044,0.044,0.044,0.0456,0.0456,0.0456,506,Elise,J285_B1_F1_Pano,,F,NA,NA,NA,NA,NA,NA,NA,NA,NA,NA,NA,,,0.044,0.0456,0.0016,3.16206E-06,NA,NA,NA,NA
J286_B1,2,FALSE,J286_B1_F1,20190228,Ffion,0.0432,0.0433,0.0433,0.0448,0.0448,0.0447,576,Elise,J286_B1_F1_Pano,,F,NA,NA,NA,NA,NA,NA,NA,NA,NA,NA,NA,,,0.043266667,0.0448,0.0015,2.60417E-06,NA,NA,NA,NA
,,,,,,,,,,,,,,,,,,,,,,,,,,,,,,NA,NA,NA,NA,NA,NA,NA,NA
,,,,,,,,,,,,,,,,,,,,,,,,,,,,,,NA,NA,NA,NA,NA,NA,NA,NA
,,,,,,,,,,,,,,,,,,,,,,,,,,,,,,NA,NA,NA,NA,NA,NA,NA,NA
,,,,,,,,,,,,,,,,,,,,,,,,,,,,,,NA,NA,NA,NA,NA,NA,NA,NA
,,,,,,,,,,,,,,,,,,,,,,,,,,,,,,NA,NA,NA,NA,NA,NA,NA,NA
,,,,,,,,,,,,,,,,,,,,,,,,,,,,,,NA,NA,NA,NA,NA,NA,NA,NA
,,,,,,,,,,,,,,,,,,,,,,,,,,,,,,NA,NA,NA,NA,NA,NA,NA,NA
,,,,,,,,,,,,,,,,,,,,,,,,,,,,,,NA,NA,NA,NA,NA,NA,NA,NA
,,,,,,,,,,,,,,,,,,,,,,,,,,,,,,NA,NA,NA,NA,NA,NA,NA,NA
,,,,,,,,,,,,,,,,,,,,,,,,,,,,,,NA,NA,NA,NA,NA,NA,NA,NA
,,,,,,,,,,,,,,,,,,,,,,,,,,,,,,NA,NA,NA,NA,NA,NA,NA,NA
,,,,,,,,,,,,,,,,,,,,,,,,,,,,,,NA,NA,NA,NA,NA,NA,NA,NA
,,,,,,,,,,,,,,,,,,,,,,,,,,,,,,NA,NA,NA,NA,NA,NA,NA,NA
,,,,,,,,,,,,,,,,,,,,,,,,,,,,,,NA,NA,NA,NA,NA,NA,NA,NA
,,,,,,,,,,,,,,,,,,,,,,,,,,,,,,NA,NA,NA,NA,NA,NA,NA,NA
,,,,,,,,,,,,,,,,,,,,,,,,,,,,,,NA,NA,NA,NA,NA,NA,NA,NA
,,,,,,,,,,,,,,,,,,,,,,,,,,,,,,NA,NA,NA,NA,NA,NA,NA,NA
,,,,,,,,,,,,,,,,,,,,,,,,,,,,,,NA,NA,NA,NA,NA,NA,NA,NA
,,,,,,,,,,,,,,,,,,,,,,,,,,,,,,NA,NA,NA,NA,NA,NA,NA,NA
,,,,,,,,,,,,,,,,,,,,,,,,,,,,,,NA,NA,NA,NA,NA,NA,NA,NA
,,,,,,,,,,,,,,,,,,,,,,,,,,,,,,NA,NA,NA,NA,NA,NA,NA,NA
,,,,,,,,,,,,,,,,,,,,,,,,,,,,,,NA,NA,NA,NA,NA,NA,NA,NA
,,,,,,,,,,,,,,,,,,,,,,,,,,,,,,NA,NA,NA,NA,NA,NA,NA,NA
,,,,,,,,,,,,,,,,,,,,,,,,,,,,,,NA,NA,NA,NA,NA,NA,NA,NA
,,,,,,,,,,,,,,,,,,,,,,,,,,,,,,NA,NA,NA,NA,NA,NA,NA,NA
,,,,,,,,,,,,,,,,,,,,,,,,,,,,,,NA,NA,NA,NA,NA,NA,NA,NA
,,,,,,,,,,,,,,,,,,,,,,,,,,,,,,NA,NA,NA,NA,NA,NA,NA,NA
,,,,,,,,,,,,,,,,,,,,,,,,,,,,,,NA,NA,NA,NA,NA,NA,NA,NA
,,,,,,,,,,,,,,,,,,,,,,,,,,,,,,NA,NA,NA,NA,NA,NA,NA,NA
,,,,,,,,,,,,,,,,,NA,NA,NA,NA,NA,NA,NA,NA,NA,NA,NA,,,,,,,NA,NA,NA,NA
,,,,,,,,,,,,,,,,,NA,NA,NA,NA,NA,NA,NA,NA,NA,NA,NA,,,,,,,NA,NA,NA,NA
,,,,,,,,,,,,,,,,,NA,NA,NA,NA,NA,NA,NA,NA,NA,NA,NA,,,,,,,NA,NA,NA,NA
,,,,,,,,,,,,,,,,,NA,NA,NA,NA,NA,NA,NA,NA,NA,NA,NA,,,,,,,NA,NA,NA,NA
,,,,,,,,,,,,,,,,,NA,NA,NA,NA,NA,NA,NA,NA,NA,NA,NA,,,,,,,NA,NA,NA,NA
,,,,,,,,,,,,,,,,,NA,NA,NA,NA,NA,NA,NA,NA,NA,NA,NA,,,,,,,NA,NA,NA,NA
,,,,,,,,,,,,,,,,,NA,NA,NA,NA,NA,NA,NA,NA,NA,NA,NA,,,,,,,NA,NA,NA,NA
,,,,,,,,,,,,,,,,,NA,NA,NA,NA,NA,NA,NA,NA,NA,NA,NA,,,,,,,NA,NA,NA,NA
,,,,,,,,,,,,,,,,,NA,NA,NA,NA,NA,NA,NA,NA,NA,NA,NA,,,,,,,NA,NA,NA,NA
,,,,,,,,,,,,,,,,,NA,NA,NA,NA,NA,NA,NA,NA,NA,NA,NA,,,,,,,NA,NA,NA,NA
,,,,,,,,,,,,,,,,,NA,NA,NA,NA,NA,NA,NA,NA,NA,NA,NA,,,,,,,NA,NA,NA,NA
,,,,,,,,,,,,,,,,,NA,NA,NA,NA,NA,NA,NA,NA,NA,NA,NA,,,,,,,NA,NA,NA,NA
,,,,,,,,,,,,,,,,,NA,NA,NA,NA,NA,NA,NA,NA,NA,NA,NA,,,,,,,NA,NA,NA,NA
,,,,,,,,,,,,,,,,,NA,NA,NA,NA,NA,NA,NA,NA,NA,NA,NA,,,,,,,NA,NA,NA,NA
,,,,,,,,,,,,,,,,,NA,NA,NA,NA,NA,NA,NA,NA,NA,NA,NA,,,,,,,NA,NA,NA,NA
,,,,,,,,,,,,,,,,,NA,NA,NA,NA,NA,NA,NA,NA,NA,NA,NA,,,,,,,NA,NA,NA,NA
,,,,,,,,,,,,,,,,,NA,NA,NA,NA,NA,NA,NA,NA,NA,NA,NA,,,,,,,NA,NA,NA,NA
,,,,,,,,,,,,,,,,,NA,NA,NA,NA,NA,NA,NA,NA,NA,NA,NA,,,,,,,NA,NA,NA,NA
,,,,,,,,,,,,,,,,,NA,NA,NA,NA,NA,NA,NA,NA,NA,NA,NA,,,,,,,NA,NA,NA,NA
,,,,,,,,,,,,,,,,,NA,NA,NA,NA,NA,NA,NA,NA,NA,NA,NA,,,,,,,NA,NA,NA,NA
,,,,,,,,,,,,,,,,,NA,NA,NA,NA,NA,NA,NA,NA,NA,NA,NA,,,,,,,NA,NA,NA,NA
,,,,,,,,,,,,,,,,,NA,NA,NA,NA,NA,NA,NA,NA,NA,NA,NA,,,,,,,NA,NA,NA,NA
,,,,,,,,,,,,,,,,,NA,NA,NA,NA,NA,NA,NA,NA,NA,NA,NA,,,,,,,NA,NA,NA,NA
,,,,,,,,,,,,,,,,,NA,NA,NA,NA,NA,NA,NA,NA,NA,NA,NA,,,,,,,NA,NA,NA,NA
,,,,,,,,,,,,,,,,,NA,NA,NA,NA,NA,NA,NA,NA,NA,NA,NA,,,,,,,NA,NA,NA,NA
,,,,,,,,,,,,,,,,,NA,NA,NA,NA,NA,NA,NA,NA,NA,NA,NA,,,,,,,NA,NA,NA,NA
,,,,,,,,,,,,,,,,,NA,NA,NA,NA,NA,NA,NA,NA,NA,NA,NA,,,,,,,NA,NA,NA,NA
,,,,,,,,,,,,,,,,,NA,NA,NA,NA,NA,NA,NA,NA,NA,NA,NA,,,,,,,NA,NA,NA,NA
,,,,,,,,,,,,,,,,,NA,NA,NA,NA,NA,NA,NA,NA,NA,NA,NA,,,,,,,NA,NA,NA,NA
,,,,,,,,,,,,,,,,,NA,NA,NA,NA,NA,NA,NA,NA,NA,NA,NA,,,,,,,NA,NA,NA,NA
,,,,,,,,,,,,,,,,,NA,NA,NA,NA,NA,NA,NA,NA,NA,NA,NA,,,,,,,NA,NA,NA,NA
,,,,,,,,,,,,,,,,,NA,NA,NA,NA,NA,NA,NA,NA,NA,NA,NA,,,,,,,NA,NA,NA,NA
,,,,,,,,,,,,,,,,,NA,NA,NA,NA,NA,NA,NA,NA,NA,NA,NA,,,,,,,NA,NA,NA,NA
,,,,,,,,,,,,,,,,,NA,NA,NA,NA,NA,NA,NA,NA,NA,NA,NA,,,,,,,NA,NA,NA,NA
,,,,,,,,,,,,,,,,,NA,NA,NA,NA,NA,NA,NA,NA,NA,NA,NA,,,,,,,NA,NA,NA,NA
,,,,,,,,,,,,,,,,,NA,NA,NA,NA,NA,NA,NA,NA,NA,NA,NA,,,,,,,NA,NA,NA,NA
,,,,,,,,,,,,,,,,,NA,NA,NA,NA,NA,NA,NA,NA,NA,NA,NA,,,,,,,NA,NA,NA,NA
,,,,,,,,,,,,,,,,,NA,NA,NA,NA,NA,NA,NA,NA,NA,NA,NA,,,,,,,NA,NA,NA,NA
,,,,,,,,,,,,,,,,,NA,NA,NA,NA,NA,NA,NA,NA,NA,NA,NA,,,,,,,NA,NA,NA,NA
,,,,,,,,,,,,,,,,,NA,NA,NA,NA,NA,NA,NA,NA,NA,NA,NA,,,,,,,NA,NA,NA,NA
,,,,,,,,,,,,,,,,,NA,NA,NA,NA,NA,NA,NA,NA,NA,NA,NA,,,,,,,NA,NA,NA,NA
,,,,,,,,,,,,,,,,,NA,NA,NA,NA,NA,NA,NA,NA,NA,NA,NA,,,,,,,NA,NA,NA,NA
,,,,,,,,,,,,,,,,,NA,NA,NA,NA,NA,NA,NA,NA,NA,NA,NA,,,,,,,NA,NA,NA,NA
,,,,,,,,,,,,,,,,,NA,NA,NA,NA,NA,NA,NA,NA,NA,NA,NA,,,,,,,NA,NA,NA,NA
,,,,,,,,,,,,,,,,,NA,NA,NA,NA,NA,NA,NA,NA,NA,NA,NA,,,,,,,NA,NA,NA,NA
,,,,,,,,,,,,,,,,,NA,NA,NA,NA,NA,NA,NA,NA,NA,NA,NA,,,,,,,NA,NA,NA,NA
,,,,,,,,,,,,,,,,,NA,NA,NA,NA,NA,NA,NA,NA,NA,NA,NA,,,,,,,NA,NA,NA,NA
,,,,,,,,,,,,,,,,,NA,NA,NA,NA,NA,NA,NA,NA,NA,NA,NA,,,,,,,NA,NA,NA,NA
,,,,,,,,,,,,,,,,,NA,NA,NA,NA,NA,NA,NA,NA,NA,NA,NA,,,,,,,NA,NA,NA,NA
,,,,,,,,,,,,,,,,,NA,NA,NA,NA,NA,NA,NA,NA,NA,NA,NA,,,,,,,NA,NA,NA,NA
,,,,,,,,,,,,,,,,,NA,NA,NA,NA,NA,NA,NA,NA,NA,NA,NA,,,,,,,NA,NA,NA,NA
,,,,,,,,,,,,,,,,,NA,NA,NA,NA,NA,NA,NA,NA,NA,NA,NA,,,,,,,NA,NA,NA,NA
,,,,,,,,,,,,,,,,,NA,NA,NA,NA,NA,NA,NA,NA,NA,NA,NA,,,,,,,NA,NA,NA,NA
,,,,,,,,,,,,,,,,,NA,NA,NA,NA,NA,NA,NA,NA,NA,NA,NA,,,,,,,NA,NA,NA,NA
,,,,,,,,,,,,,,,,,NA,NA,NA,NA,NA,NA,NA,NA,NA,NA,NA,,,,,,,NA,NA,NA,NA
,,,,,,,,,,,,,,,,,NA,NA,NA,NA,NA,NA,NA,NA,NA,NA,NA,,,,,,,NA,NA,NA,NA
,,,,,,,,,,,,,,,,,NA,NA,NA,NA,NA,NA,NA,NA,NA,NA,NA,,,,,,,NA,NA,NA,NA
,,,,,,,,,,,,,,,,,NA,NA,NA,NA,NA,NA,NA,NA,NA,NA,NA,,,,,,,NA,NA,NA,NA
,,,,,,,,,,,,,,,,,NA,NA,NA,NA,NA,NA,NA,NA,NA,NA,NA,,,,,,,NA,NA,NA,NA
,,,,,,,,,,,,,,,,,NA,NA,NA,NA,NA,NA,NA,NA,NA,NA,NA,,,,,,,NA,NA,NA,NA
,,,,,,,,,,,,,,,,,NA,NA,NA,NA,NA,NA,NA,NA,NA,NA,NA,,,,,,,NA,NA,NA,NA
,,,,,,,,,,,,,,,,,NA,NA,NA,NA,NA,NA,NA,NA,NA,NA,NA,,,,,,,NA,NA,NA,NA
,,,,,,,,,,,,,,,,,NA,NA,NA,NA,NA,NA,NA,NA,NA,NA,NA,,,,,,,NA,NA,NA,NA
,,,,,,,,,,,,,,,,,NA,NA,NA,NA,NA,NA,NA,NA,NA,NA,NA,,,,,,,NA,NA,NA,NA
,,,,,,,,,,,,,,,,,NA,NA,NA,NA,NA,NA,NA,NA,NA,NA,NA,,,,,,,NA,NA,NA,NA
,,,,,,,,,,,,,,,,,NA,NA,NA,NA,NA,NA,NA,NA,NA,NA,NA,,,,,,,NA,NA,NA,NA
,,,,,,,,,,,,,,,,,NA,NA,NA,NA,NA,NA,NA,NA,NA,NA,NA,,,,,,,NA,NA,NA,NA
,,,,,,,,,,,,,,,,,NA,NA,NA,NA,NA,NA,NA,NA,NA,NA,NA,,,,,,,NA,NA,NA,NA
,,,,,,,,,,,,,,,,,NA,NA,NA,NA,NA,NA,NA,NA,NA,NA,NA,,,,,,,NA,NA,NA,NA
,,,,,,,,,,,,,,,,,NA,NA,NA,NA,NA,NA,NA,NA,NA,NA,NA,,,,,,,NA,NA,NA,NA
,,,,,,,,,,,,,,,,,NA,NA,NA,NA,NA,NA,NA,NA,NA,NA,NA,,,,,,,NA,NA,NA,NA
,,,,,,,,,,,,,,,,,NA,NA,NA,NA,NA,NA,NA,NA,NA,NA,NA,,,,,,,NA,NA,NA,NA
,,,,,,,,,,,,,,,,,NA,NA,NA,NA,NA,NA,NA,NA,NA,NA,NA,,,,,,,NA,NA,NA,NA
,,,,,,,,,,,,,,,,,NA,NA,NA,NA,NA,NA,NA,NA,NA,NA,NA,,,,,,,NA,NA,NA,NA
,,,,,,,,,,,,,,,,,NA,NA,NA,NA,NA,NA,NA,NA,NA,NA,NA,,,,,,,NA,NA,NA,NA
,,,,,,,,,,,,,,,,,NA,NA,NA,NA,NA,NA,NA,NA,NA,NA,NA,,,,,,,NA,NA,NA,NA
,,,,,,,,,,,,,,,,,NA,NA,NA,NA,NA,NA,NA,NA,NA,NA,NA,,,,,,,NA,NA,NA,NA
,,,,,,,,,,,,,,,,,NA,NA,NA,NA,NA,NA,NA,NA,NA,NA,NA,,,,,,,NA,NA,NA,NA
,,,,,,,,,,,,,,,,,NA,NA,NA,NA,NA,NA,NA,NA,NA,NA,NA,,,,,,,NA,NA,NA,NA
,,,,,,,,,,,,,,,,,NA,NA,NA,NA,NA,NA,NA,NA,NA,NA,NA,,,,,,,NA,NA,NA,NA
,,,,,,,,,,,,,,,,,NA,NA,NA,NA,NA,NA,NA,NA,NA,NA,NA,,,,,,,NA,NA,NA,NA
,,,,,,,,,,,,,,,,,NA,NA,NA,NA,NA,NA,NA,NA,NA,NA,NA,,,,,,,NA,NA,NA,NA
,,,,,,,,,,,,,,,,,NA,NA,NA,NA,NA,NA,NA,NA,NA,NA,NA,,,,,,,NA,NA,NA,NA
,,,,,,,,,,,,,,,,,NA,NA,NA,NA,NA,NA,NA,NA,NA,NA,NA,,,,,,,NA,NA,NA,NA
,,,,,,,,,,,,,,,,,NA,NA,NA,NA,NA,NA,NA,NA,NA,NA,NA,,,,,,,NA,NA,NA,NA
,,,,,,,,,,,,,,,,,NA,NA,NA,NA,NA,NA,NA,NA,NA,NA,NA,,,,,,,NA,NA,NA,NA
,,,,,,,,,,,,,,,,,NA,NA,NA,NA,NA,NA,NA,NA,NA,NA,NA,,,,,,,NA,NA,NA,NA
,,,,,,,,,,,,,,,,,NA,NA,NA,NA,NA,NA,NA,NA,NA,NA,NA,,,,,,,NA,NA,NA,NA
,,,,,,,,,,,,,,,,,NA,NA,NA,NA,NA,NA,NA,NA,NA,NA,NA,,,,,,,NA,NA,NA,NA
,,,,,,,,,,,,,,,,,NA,NA,NA,NA,NA,NA,NA,NA,NA,NA,NA,,,,,,,NA,NA,NA,NA
,,,,,,,,,,,,,,,,,NA,NA,NA,NA,NA,NA,NA,NA,NA,NA,NA,,,,,,,NA,NA,NA,NA
,,,,,,,,,,,,,,,,,NA,NA,NA,NA,NA,NA,NA,NA,NA,NA,NA,,,,,,,NA,NA,NA,NA
,,,,,,,,,,,,,,,,,NA,NA,NA,NA,NA,NA,NA,NA,NA,NA,NA,,,,,,,NA,NA,NA,NA
,,,,,,,,,,,,,,,,,NA,NA,NA,NA,NA,NA,NA,NA,NA,NA,NA,,,,,,,NA,NA,NA,NA
,,,,,,,,,,,,,,,,,NA,NA,NA,NA,NA,NA,NA,NA,NA,NA,NA,,,,,,,NA,NA,NA,NA
,,,,,,,,,,,,,,,,,NA,NA,NA,NA,NA,NA,NA,NA,NA,NA,NA,,,,,,,NA,NA,NA,NA
,,,,,,,,,,,,,,,,,NA,NA,NA,NA,NA,NA,NA,NA,NA,NA,NA,,,,,,,NA,NA,NA,NA
,,,,,,,,,,,,,,,,,NA,NA,NA,NA,NA,NA,NA,NA,NA,NA,NA,,,,,,,NA,NA,NA,NA
,,,,,,,,,,,,,,,,,NA,NA,NA,NA,NA,NA,NA,NA,NA,NA,NA,,,,,,,NA,NA,NA,NA
,,,,,,,,,,,,,,,,,NA,NA,NA,NA,NA,NA,NA,NA,NA,NA,NA,,,,,,,NA,NA,NA,NA
,,,,,,,,,,,,,,,,,NA,NA,NA,NA,NA,NA,NA,NA,NA,NA,NA,,,,,,,NA,NA,NA,NA
,,,,,,,,,,,,,,,,,NA,NA,NA,NA,NA,NA,NA,NA,NA,NA,NA,,,,,,,NA,NA,NA,NA
,,,,,,,,,,,,,,,,,NA,NA,NA,NA,NA,NA,NA,NA,NA,NA,NA,,,,,,,NA,NA,NA,NA
,,,,,,,,,,,,,,,,,NA,NA,NA,NA,NA,NA,NA,NA,NA,NA,NA,,,,,,,NA,NA,NA,NA
,,,,,,,,,,,,,,,,,NA,NA,NA,NA,NA,NA,NA,NA,NA,NA,NA,,,,,,,NA,NA,NA,NA
,,,,,,,,,,,,,,,,,NA,NA,NA,NA,NA,NA,NA,NA,NA,NA,NA,,,,,,,NA,NA,NA,NA
,,,,,,,,,,,,,,,,,NA,NA,NA,NA,NA,NA,NA,NA,NA,NA,NA,,,,,,,NA,NA,NA,NA
,,,,,,,,,,,,,,,,,NA,NA,NA,NA,NA,NA,NA,NA,NA,NA,NA,,,,,,,NA,NA,NA,NA
,,,,,,,,,,,,,,,,,NA,NA,NA,NA,NA,NA,NA,NA,NA,NA,NA,,,,,,,NA,NA,NA,NA
,,,,,,,,,,,,,,,,,NA,NA,NA,NA,NA,NA,NA,NA,NA,NA,NA,,,,,,,NA,NA,NA,NA
,,,,,,,,,,,,,,,,,NA,NA,NA,NA,NA,NA,NA,NA,NA,NA,NA,,,,,,,NA,NA,NA,NA
,,,,,,,,,,,,,,,,,NA,NA,NA,NA,NA,NA,NA,NA,NA,NA,NA,,,,,,,NA,NA,NA,NA
,,,,,,,,,,,,,,,,,NA,NA,NA,NA,NA,NA,NA,NA,NA,NA,NA,,,,,,,NA,NA,NA,NA
,,,,,,,,,,,,,,,,,NA,NA,NA,NA,NA,NA,NA,NA,NA,NA,NA,,,,,,,NA,NA,NA,NA
,,,,,,,,,,,,,,,,,NA,NA,NA,NA,NA,NA,NA,NA,NA,NA,NA,,,,,,,NA,NA,NA,NA
,,,,,,,,,,,,,,,,,NA,NA,NA,NA,NA,NA,NA,NA,NA,NA,NA,,,,,,,NA,NA,NA,NA
,,,,,,,,,,,,,,,,,NA,NA,NA,NA,NA,NA,NA,NA,NA,NA,NA,,,,,,,NA,NA,NA,NA
,,,,,,,,,,,,,,,,,NA,NA,NA,NA,NA,NA,NA,NA,NA,NA,NA,,,,,,,NA,NA,NA,NA
,,,,,,,,,,,,,,,,,NA,NA,NA,NA,NA,NA,NA,NA,NA,NA,NA,,,,,,,NA,NA,NA,NA
,,,,,,,,,,,,,,,,,NA,NA,NA,NA,NA,NA,NA,NA,NA,NA,NA,,,,,,,NA,NA,NA,NA
,,,,,,,,,,,,,,,,,NA,NA,NA,NA,NA,NA,NA,NA,NA,NA,NA,,,,,,,NA,NA,NA,NA
,,,,,,,,,,,,,,,,,NA,NA,NA,NA,NA,NA,NA,NA,NA,NA,NA,,,,,,,NA,NA,NA,NA
,,,,,,,,,,,,,,,,,NA,NA,NA,NA,NA,NA,NA,NA,NA,NA,NA,,,,,,,NA,NA,NA,NA
,,,,,,,,,,,,,,,,,NA,NA,NA,NA,NA,NA,NA,NA,NA,NA,NA,,,,,,,NA,NA,NA,NA
,,,,,,,,,,,,,,,,,NA,NA,NA,NA,NA,NA,NA,NA,NA,NA,NA,,,,,,,NA,NA,NA,NA
,,,,,,,,,,,,,,,,,NA,NA,NA,NA,NA,NA,NA,NA,NA,NA,NA,,,,,,,NA,NA,NA,NA
,,,,,,,,,,,,,,,,,NA,NA,NA,NA,NA,NA,NA,NA,NA,NA,NA,,,,,,,NA,NA,NA,NA
,,,,,,,,,,,,,,,,,NA,NA,NA,NA,NA,NA,NA,NA,NA,NA,NA,,,,,,,NA,NA,NA,NA
,,,,,,,,,,,,,,,,,NA,NA,NA,NA,NA,NA,NA,NA,NA,NA,NA,,,,,,,NA,NA,NA,NA
,,,,,,,,,,,,,,,,,NA,NA,NA,NA,NA,NA,NA,NA,NA,NA,NA,,,,,,,NA,NA,NA,NA
,,,,,,,,,,,,,,,,,NA,NA,NA,NA,NA,NA,NA,NA,NA,NA,NA,,,,,,,NA,NA,NA,NA
,,,,,,,,,,,,,,,,,NA,NA,NA,NA,NA,NA,NA,NA,NA,NA,NA,,,,,,,NA,NA,NA,NA
,,,,,,,,,,,,,,,,,NA,NA,NA,NA,NA,NA,NA,NA,NA,NA,NA,,,,,,,NA,NA,NA,NA
,,,,,,,,,,,,,,,,,NA,NA,NA,NA,NA,NA,NA,NA,NA,NA,NA,,,,,,,NA,NA,NA,NA
,,,,,,,,,,,,,,,,,NA,NA,NA,NA,NA,NA,NA,NA,NA,NA,NA,,,,,,,NA,NA,NA,NA
,,,,,,,,,,,,,,,,,NA,NA,NA,NA,NA,NA,NA,NA,NA,NA,NA,,,,,,,NA,NA,NA,NA
,,,,,,,,,,,,,,,,,NA,NA,NA,NA,NA,NA,NA,NA,NA,NA,NA,,,,,,,NA,NA,NA,NA
,,,,,,,,,,,,,,,,,NA,NA,NA,NA,NA,NA,NA,NA,NA,NA,NA,,,,,,,NA,NA,NA,NA
,,,,,,,,,,,,,,,,,NA,NA,NA,NA,NA,NA,NA,NA,NA,NA,NA,,,,,,,NA,NA,NA,NA
,,,,,,,,,,,,,,,,,NA,NA,NA,NA,NA,NA,NA,NA,NA,NA,NA,,,,,,,NA,NA,NA,NA
,,,,,,,,,,,,,,,,,NA,NA,NA,NA,NA,NA,NA,NA,NA,NA,NA,,,,,,,NA,NA,NA,NA
,,,,,,,,,,,,,,,,,NA,NA,NA,NA,NA,NA,NA,NA,NA,NA,NA,,,,,,,NA,NA,NA,NA
,,,,,,,,,,,,,,,,,NA,NA,NA,NA,NA,NA,NA,NA,NA,NA,NA,,,,,,,NA,NA,NA,NA
,,,,,,,,,,,,,,,,,NA,NA,NA,NA,NA,NA,NA,NA,NA,NA,NA,,,,,,,NA,NA,NA,NA
,,,,,,,,,,,,,,,,,NA,NA,NA,NA,NA,NA,NA,NA,NA,NA,NA,,,,,,,NA,NA,NA,NA
,,,,,,,,,,,,,,,,,NA,NA,NA,NA,NA,NA,NA,NA,NA,NA,NA,,,,,,,NA,NA,NA,NA
,,,,,,,,,,,,,,,,,NA,NA,NA,NA,NA,NA,NA,NA,NA,NA,NA,,,,,,,NA,NA,NA,NA
,,,,,,,,,,,,,,,,,NA,NA,NA,NA,NA,NA,NA,NA,NA,NA,NA,,,,,,,NA,NA,NA,NA
,,,,,,,,,,,,,,,,,NA,NA,NA,NA,NA,NA,NA,NA,NA,NA,NA,,,,,,,NA,NA,NA,NA
,,,,,,,,,,,,,,,,,NA,NA,NA,NA,NA,NA,NA,NA,NA,NA,NA,,,,,,,NA,NA,NA,NA
,,,,,,,,,,,,,,,,,NA,NA,NA,NA,NA,NA,NA,NA,NA,NA,NA,,,,,,,NA,NA,NA,NA
,,,,,,,,,,,,,,,,,NA,NA,NA,NA,NA,NA,NA,NA,NA,NA,NA,,,,,,,NA,NA,NA,NA
,,,,,,,,,,,,,,,,,NA,NA,NA,NA,NA,NA,NA,NA,NA,NA,NA,,,,,,,NA,NA,NA,NA
,,,,,,,,,,,,,,,,,NA,NA,NA,NA,NA,NA,NA,NA,NA,NA,NA,,,,,,,NA,NA,NA,NA
,,,,,,,,,,,,,,,,,NA,NA,NA,NA,NA,NA,NA,NA,NA,NA,NA,,,,,,,NA,NA,NA,NA
,,,,,,,,,,,,,,,,,NA,NA,NA,NA,NA,NA,NA,NA,NA,NA,NA,,,,,,,NA,NA,NA,NA
,,,,,,,,,,,,,,,,,NA,NA,NA,NA,NA,NA,NA,NA,NA,NA,NA,,,,,,,NA,NA,NA,NA
,,,,,,,,,,,,,,,,,NA,NA,NA,NA,NA,NA,NA,NA,NA,NA,NA,,,,,,,NA,NA,NA,NA
,,,,,,,,,,,,,,,,,NA,NA,NA,NA,NA,NA,NA,NA,NA,NA,NA,,,,,,,NA,NA,NA,NA
,,,,,,,,,,,,,,,,,NA,NA,NA,NA,NA,NA,NA,NA,NA,NA,NA,,,,,,,NA,NA,NA,NA
,,,,,,,,,,,,,,,,,NA,NA,NA,NA,NA,NA,NA,NA,NA,NA,NA,,,,,,,NA,NA,NA,NA
,,,,,,,,,,,,,,,,,NA,NA,NA,NA,NA,NA,NA,NA,NA,NA,NA,,,,,,,NA,NA,NA,NA
,,,,,,,,,,,,,,,,,NA,NA,NA,NA,NA,NA,NA,NA,NA,NA,NA,,,,,,,NA,NA,NA,NA
,,,,,,,,,,,,,,,,,NA,NA,NA,NA,NA,NA,NA,NA,NA,NA,NA,,,,,,,NA,NA,NA,NA
,,,,,,,,,,,,,,,,,NA,NA,NA,NA,NA,NA,NA,NA,NA,NA,NA,,,,,,,NA,NA,NA,NA
,,,,,,,,,,,,,,,,,NA,NA,NA,NA,NA,NA,NA,NA,NA,NA,NA,,,,,,,NA,NA,NA,NA
,,,,,,,,,,,,,,,,,NA,NA,NA,NA,NA,NA,NA,NA,NA,NA,NA,,,,,,,NA,NA,NA,NA
,,,,,,,,,,,,,,,,,NA,NA,NA,NA,NA,NA,NA,NA,NA,NA,NA,,,,,,,NA,NA,NA,NA
,,,,,,,,,,,,,,,,,NA,NA,NA,NA,NA,NA,NA,NA,NA,NA,NA,,,,,,,NA,NA,NA,NA
,,,,,,,,,,,,,,,,,NA,NA,NA,NA,NA,NA,NA,NA,NA,NA,NA,,,,,,,NA,NA,NA,NA
,,,,,,,,,,,,,,,,,NA,NA,NA,NA,NA,NA,NA,NA,NA,NA,NA,,,,,,,NA,NA,NA,NA
,,,,,,,,,,,,,,,,,NA,NA,NA,NA,NA,NA,NA,NA,NA,NA,NA,,,,,,,NA,NA,NA,NA
,,,,,,,,,,,,,,,,,NA,NA,NA,NA,NA,NA,NA,NA,NA,NA,NA,,,,,,,NA,NA,NA,NA
,,,,,,,,,,,,,,,,,NA,NA,NA,NA,NA,NA,NA,NA,NA,NA,NA,,,,,,,NA,NA,NA,NA
,,,,,,,,,,,,,,,,,NA,NA,NA,NA,NA,NA,NA,NA,NA,NA,NA,,,,,,,NA,NA,NA,NA
,,,,,,,,,,,,,,,,,NA,NA,NA,NA,NA,NA,NA,NA,NA,NA,NA,,,,,,,NA,NA,NA,NA
,,,,,,,,,,,,,,,,,NA,NA,NA,NA,NA,NA,NA,NA,NA,NA,NA,,,,,,,NA,NA,NA,NA
,,,,,,,,,,,,,,,,,NA,NA,NA,NA,NA,NA,NA,NA,NA,NA,NA,,,,,,,NA,NA,NA,NA
,,,,,,,,,,,,,,,,,NA,NA,NA,NA,NA,NA,NA,NA,NA,NA,NA,,,,,,,NA,NA,NA,NA
,,,,,,,,,,,,,,,,,NA,NA,NA,NA,NA,NA,NA,NA,NA,NA,NA,,,,,,,NA,NA,NA,NA
,,,,,,,,,,,,,,,,,NA,NA,NA,NA,NA,NA,NA,NA,NA,NA,NA,,,,,,,NA,NA,NA,NA
,,,,,,,,,,,,,,,,,NA,NA,NA,NA,NA,NA,NA,NA,NA,NA,NA,,,,,,,NA,NA,NA,NA
,,,,,,,,,,,,,,,,,NA,NA,NA,NA,NA,NA,NA,NA,NA,NA,NA,,,,,,,NA,NA,NA,NA
,,,,,,,,,,,,,,,,,NA,NA,NA,NA,NA,NA,NA,NA,NA,NA,NA,,,,,,,NA,NA,NA,NA
,,,,,,,,,,,,,,,,,NA,NA,NA,NA,NA,NA,NA,NA,NA,NA,NA,,,,,,,NA,NA,NA,NA
,,,,,,,,,,,,,,,,,NA,NA,NA,NA,NA,NA,NA,NA,NA,NA,NA,,,,,,,NA,NA,NA,NA
,,,,,,,,,,,,,,,,,NA,NA,NA,NA,NA,NA,NA,NA,NA,NA,NA,,,,,,,NA,NA,NA,NA
,,,,,,,,,,,,,,,,,NA,NA,NA,NA,NA,NA,NA,NA,NA,NA,NA,,,,,,,NA,NA,NA,NA
,,,,,,,,,,,,,,,,,NA,NA,NA,NA,NA,NA,NA,NA,NA,NA,NA,,,,,,,NA,NA,NA,NA
,,,,,,,,,,,,,,,,,NA,NA,NA,NA,NA,NA,NA,NA,NA,NA,NA,,,,,,,NA,NA,NA,NA
,,,,,,,,,,,,,,,,,NA,NA,NA,NA,NA,NA,NA,NA,NA,NA,NA,,,,,,,NA,NA,NA,NA
,,,,,,,,,,,,,,,,,NA,NA,NA,NA,NA,NA,NA,NA,NA,NA,NA,,,,,,,NA,NA,NA,NA
,,,,,,,,,,,,,,,,,NA,NA,NA,NA,NA,NA,NA,NA,NA,NA,NA,,,,,,,NA,NA,NA,NA
,,,,,,,,,,,,,,,,,NA,NA,NA,NA,NA,NA,NA,NA,NA,NA,NA,,,,,,,NA,NA,NA,NA
,,,,,,,,,,,,,,,,,NA,NA,NA,NA,NA,NA,NA,NA,NA,NA,NA,,,,,,,NA,NA,NA,NA
,,,,,,,,,,,,,,,,,NA,NA,NA,NA,NA,NA,NA,NA,NA,NA,NA,,,,,,,NA,NA,NA,NA
,,,,,,,,,,,,,,,,,NA,NA,NA,NA,NA,NA,NA,NA,NA,NA,NA,,,,,,,NA,NA,NA,NA
,,,,,,,,,,,,,,,,,NA,NA,NA,NA,NA,NA,NA,NA,NA,NA,NA,,,,,,,NA,NA,NA,NA
,,,,,,,,,,,,,,,,,NA,NA,NA,NA,NA,NA,NA,NA,NA,NA,NA,,,,,,,NA,NA,NA,NA
,,,,,,,,,,,,,,,,,NA,NA,NA,NA,NA,NA,NA,NA,NA,NA,NA,,,,,,,NA,NA,NA,NA
